area_fm_id,sub_local,doc_id,fonte_tipo,campo,valor,trecho_fonte,confianca,declarado_ausente
2,,RI_010,RELINT,modalidade_criminal,"Furtos e roubos contra transeuntes, com ênfase na subtração de aparelhos celulares.","incidência de furtos e roubos contra transeuntes, especialmente subtração de aparelhos celulares",alta,False
2,,RI_010,RELINT,modalidade_criminal,Delitos oportunistas favorecidos pelo ambiente urbano.,elementos urbanos que favorecem delitos oportunistas,alta,False
2,,RI_010,RELINT,modus_operandi,Abordagem oportunista a pedestres em área de grande circulação e integração com transporte público.,áreas de grande circulação de pedestres e integração com o transporte público,media,False
2,,RI_010,RELINT,rotas_fuga,,,,True
2,,RI_010,RELINT,pontos_receptacao,,,,True
2,,RI_010,RELINT,controle_territorial,,,,True
2,,RI_010,RELINT,deslocamento_autor,,,,True
2,RODOVIÁRIA NOVO RIO,RI_010,RELINT,modalidade_criminal,Predominância de furtos e estelionato na área do terminal rodoviário,favorecendo a ação de furtadores e estelionatários,alta,False
2,RODOVIÁRIA NOVO RIO,RI_010,RELINT,modus_operandi,Abordagens oportunistas a passageiros desatentos durante desembarque de ônibus intermunicipais e interestaduais,abordagens oportunistas a passageiros desatentos durante o desembarque de ônibus intermunicipais e interestaduais,alta,False
2,RODOVIÁRIA NOVO RIO,RI_010,RELINT,modus_operandi,"Aproveitamento de momentos de distração das vítimas em áreas de espera, travessias e acessos ao transporte público","aproveitando momentos de distração das vítimas em áreas de espera, travessias e acessos ao transporte público",alta,False
2,RODOVIÁRIA NOVO RIO,RI_010,RELINT,modus_operandi,"Exploração de pontos de retenção de fluxo próximos aos acessos principais, áreas de embarque e desembarque e passarelas de circulação","foram identificados pontos de retenção de fluxo próximos aos acessos principais, áreas de embarque e desembarque e passarelas de circulação",alta,False
2,RODOVIÁRIA NOVO RIO,RI_010,RELINT,modus_operandi,Uso de infraestrutura degradada e ambulantes irregulares como obstáculos que dificultam a vigilância e encobrem a ação criminosa,obstáculos urbanos dificultando vigilância — infraestrutura degradada e ambulantes irregulares nos acessos,media,False
2,RODOVIÁRIA NOVO RIO,RI_010,RELINT,modus_operandi,Exploração de corredores cobertos e passarelas com iluminação insuficiente como áreas de baixa visibilidade para a prática dos delitos,áreas com baixa visibilidade — corredores cobertos e passarelas com iluminação insuficiente,alta,False
2,RODOVIÁRIA NOVO RIO,RI_010,RELINT,modus_operandi,"Atuação em horários de pico com retenção de fluxo nos acessos, embarque, desembarque e passarelas de circulação","retenção de fluxo em horários de pico — acessos, embarque, desembarque e passarelas de circulação",alta,False
2,RODOVIÁRIA NOVO RIO,RI_010,RELINT,rotas_fuga,Dispersão pelas vias adjacentes à Av. Francisco Bicalho utilizando motocicletas e bicicletas,circulação intensa de motocicletas e bicicletas — rotas de fuga pelas vias adjacentes à Av. Francisco Bicalho,alta,False
2,RODOVIÁRIA NOVO RIO,RI_010,RELINT,rotas_fuga,"Saídas diretas para a Av. Francisco Bicalho, Rodrigues Alves e VLT como múltiplas rotas de dispersão após a prática criminosa","múltiplas rotas de dispersão após a prática criminosa — saídas diretas para Av. Francisco Bicalho, Rodrigues Alves e VLT",alta,False
2,RODOVIÁRIA NOVO RIO,RI_010,RELINT,rotas_fuga,Múltiplos acessos sem controle viabilizam dispersão imediata após a prática de delitos,Múltiplos acessos sem controle viabilizam dispersão imediata após a prática de delitos,alta,False
2,RODOVIÁRIA NOVO RIO,RI_010,RELINT,pontos_receptacao,,,,True
2,RODOVIÁRIA NOVO RIO,RI_010,RELINT,controle_territorial,,,,True
2,RODOVIÁRIA NOVO RIO,RI_010,RELINT,deslocamento_autor,"Autores atuam a pé, em motocicletas e bicicletas","predominância de indivíduos atuando a pé, motocicletas e bicicletas",alta,False
2,TERMINAL INTERMODAL GENTILEZA,RI_010,RELINT,modalidade_criminal,Furtos rápidos de aparelhos celulares em áreas de espera e plataformas,furtos rápidos de aparelhos celulares em áreas de espera e plataformas,alta,False
2,TERMINAL INTERMODAL GENTILEZA,RI_010,RELINT,modus_operandi,"Abordagens oportunistas aproveitando aglomerações geradas pela convergência de usuários de múltiplas linhas em horários sobrepostos, dificultando identificação de suspeitos",A convergência de usuários de múltiplas linhas em horários sobrepostos gera aglomerações que dificultam a identificação de suspeitos e favorecem abordagens oportunistas,alta,False
2,TERMINAL INTERMODAL GENTILEZA,RI_010,RELINT,modus_operandi,Exploração de pontos cegos de vigilância gerados pela ausência de interligação física adequada entre os modais,A ausência de interligação física adequada entre os modais cria pontos cegos de vigilância e favorece furtos rápidos,alta,False
2,TERMINAL INTERMODAL GENTILEZA,RI_010,RELINT,modus_operandi,"Atuação em trechos externos ao terminal com baixa cobertura de câmeras e iluminação insuficiente no período noturno, próximos às paradas de linhas alimentadoras","Trechos externos ao terminal, próximos às paradas de linhas alimentadoras, apresentam baixa cobertura de câmeras e iluminação insuficiente no período noturno",alta,False
2,TERMINAL INTERMODAL GENTILEZA,RI_010,RELINT,modus_operandi,"Vitimização durante momentos de distração em áreas de espera, travessias e acessos ao transporte público","aproveitando momentos de distração das vítimas em áreas de espera, travessias e acessos ao transporte público",alta,False
2,TERMINAL INTERMODAL GENTILEZA,RI_010,RELINT,modus_operandi,Concentração da atividade criminosa nos horários de pico — plataformas de BRT e conexões intermodais nos intervalos 06h–09h e 17h–20h,retenção de fluxo em horários de pico — plataformas de BRT e conexões intermodais nos horários 06h–09h e 17h–20h,alta,False
2,TERMINAL INTERMODAL GENTILEZA,RI_010,RELINT,rotas_fuga,Saídas diretas para o corredor Transbrasil e linhas municipais como rotas de dispersão após a prática criminosa,múltiplas rotas de dispersão após a prática criminosa — saídas diretas para o Transbrasil e linhas municipais,alta,False
2,TERMINAL INTERMODAL GENTILEZA,RI_010,RELINT,rotas_fuga,Acesso às plataformas externas do terminal facilita fuga imediata por motocicletas e bicicletas,circulação intensa de motocicletas e bicicletas — acesso às plataformas externas facilita fuga imediata,alta,False
2,TERMINAL INTERMODAL GENTILEZA,RI_010,RELINT,pontos_receptacao,,,,True
2,TERMINAL INTERMODAL GENTILEZA,RI_010,RELINT,controle_territorial,,,,True
2,TERMINAL INTERMODAL GENTILEZA,RI_010,RELINT,deslocamento_autor,"Autores se deslocam a pé, em motocicletas e bicicletas","A dinâmica criminal observada indica predominância de indivíduos atuando a pé, motocicletas e bicicletas",alta,False
2,ESTAÇÃO LEOPOLDINA,RI_010,RELINT,modalidade_criminal,"Delitos oportunistas praticados contra transeuntes, com predominância em áreas de espera, travessias e acessos ao transporte público.",grupos envolvidos em delitos oportunistas,media,False
2,ESTAÇÃO LEOPOLDINA,RI_010,RELINT,modalidade_criminal,"Crimes praticados contra pedestres em deslocamento, aproveitando momentos de distração em acessos ferroviários.",pedestres em deslocamento rápido e atenção reduzida,media,False
2,ESTAÇÃO LEOPOLDINA,RI_010,RELINT,modus_operandi,"Abordagem oportunista a transeuntes em momentos de distração, especialmente em áreas de espera, travessias e acessos ao transporte público.","aproveitando momentos de distração das vítimas em áreas de espera, travessias e acessos ao transporte público",alta,False
2,ESTAÇÃO LEOPOLDINA,RI_010,RELINT,modus_operandi,Exploração de pontos de baixa visibilidade e iluminação precária sob viadutos e elevados como cobertura para a prática de delitos.,"áreas com baixa visibilidade — pontos de sombra sob viadutos e elevados, com iluminação precária à noite",alta,False
2,ESTAÇÃO LEOPOLDINA,RI_010,RELINT,modus_operandi,Utilização da concentração de passageiros nos horários de pico nos acessos ferroviários como contexto favorável à prática criminosa.,retenção de fluxo em horários de pico — concentração de passageiros nos acessos ferroviários,alta,False
2,ESTAÇÃO LEOPOLDINA,RI_010,RELINT,modus_operandi,"Aproveitamento de estruturas urbanas extensas que criam pontos cegos, dificultando a vigilância.",obstáculos urbanos dificultando vigilância — estruturas urbanas extensas criando pontos cegos,alta,False
2,ESTAÇÃO LEOPOLDINA,RI_010,RELINT,modus_operandi,"Pontos de apoio associados à presença de população em situação de rua sob os viadutos próximos à estação, utilizados por grupos envolvidos em delitos.","presença de população em situação de rua (PSR) nas imediações, especialmente sob os viadutos próximos à estação, contribui para a sensação de insegurança e para a criação de pontos de apoio utilizados por grupos envolvidos em delitos oportunistas",media,False
2,ESTAÇÃO LEOPOLDINA,RI_010,RELINT,rotas_fuga,"Dispersão rápida favorecida pela configuração territorial do entorno, com múltiplas rotas de escoamento após a prática criminosa.",A configuração territorial favorece a dispersão rápida após delitos praticados contra transeuntes,alta,False
2,ESTAÇÃO LEOPOLDINA,RI_010,RELINT,rotas_fuga,Acesso direto à Zona Norte como rota de dispersão após a prática criminosa.,múltiplas rotas de dispersão após a prática criminosa — acesso direto à Zona Norte e à área portuária,alta,False
2,ESTAÇÃO LEOPOLDINA,RI_010,RELINT,rotas_fuga,Acesso direto à área portuária como rota de dispersão após a prática criminosa.,múltiplas rotas de dispersão após a prática criminosa — acesso direto à Zona Norte e à área portuária,alta,False
2,ESTAÇÃO LEOPOLDINA,RI_010,RELINT,rotas_fuga,Vias adjacentes com tráfego intenso de motocicletas e bicicletas favorecem fuga rápida.,circulação intensa de motocicletas e bicicletas — vias adjacentes com tráfego intenso favorecem fuga rápida,alta,False
2,ESTAÇÃO LEOPOLDINA,RI_010,RELINT,pontos_receptacao,,,,True
2,ESTAÇÃO LEOPOLDINA,RI_010,RELINT,controle_territorial,,,,True
2,ESTAÇÃO LEOPOLDINA,RI_010,RELINT,deslocamento_autor,"Autores atuam predominantemente a pé, em motocicletas e em bicicletas.","dinâmica criminal observada indica predominância de indivíduos atuando a pé, motocicletas e bicicletas",alta,False
2,CONCLUSÃO,RI_010,RELINT,modalidade_criminal,Furtos e roubos de aparelhos celulares contra pedestres como modalidade criminal predominante no corredor de transporte.,especialmente furtos e roubos de aparelhos celulares contra pedestres,alta,False
2,CONCLUSÃO,RI_010,RELINT,modus_operandi,"Delitos oportunistas praticados nos horários de pico de embarque e desembarque, com exploração de momentos de maior distração das vítimas em áreas de espera e travessias.","Os delitos tendem a ocorrer principalmente nos horários de pico de embarque e desembarque, com concentração no final da tarde e início da noite, aproveitando momentos de maior distração das vítimas em áreas de espera e travessias.",alta,False
2,CONCLUSÃO,RI_010,RELINT,modus_operandi,"Exploração de vulnerabilidades estruturais do corredor: infraestrutura degradada, pontos cegos e presença de população em situação de rua sob viadutos como facilitadores dos delitos.","A infraestrutura degradada da Rodoviária Novo Rio, os pontos cegos do Terminal Gentileza e a presença de PSR sob os viadutos da Estação Leopoldina constituem vulnerabilidades interligadas ao longo do mesmo corredor de transporte.",media,False
2,CONCLUSÃO,RI_010,RELINT,modus_operandi,Comércio ambulante irregular nos acessos à rodoviária e ao terminal identificado como fator de obstrução urbana que potencializa as condições para a prática de delitos.,regularização do comércio ambulante nos acessos à rodoviária e ao terminal,media,False
2,CONCLUSÃO,RI_010,RELINT,modus_operandi,"Horários de maior incidência concentrados entre 06h–09h e 17h–20h, coincidindo com os picos de fluxo de passageiros nos três pontos do corredor.",com foco nos horários de pico (06h–09h e 17h–20h) nos três pontos do corredor,alta,False
2,CONCLUSÃO,RI_010,RELINT,rotas_fuga,,,,True
2,CONCLUSÃO,RI_010,RELINT,pontos_receptacao,,,,True
2,CONCLUSÃO,RI_010,RELINT,controle_territorial,,,,True
2,CONCLUSÃO,RI_010,RELINT,deslocamento_autor,,,,True
9,,RI_011,RELINT,modalidade_criminal,"Furtos e roubos contra transeuntes, com ênfase na subtração de aparelhos celulares","incidência de furtos e roubos contra transeuntes, especialmente subtração de aparelhos celulares",alta,False
9,,RI_011,RELINT,modus_operandi,"Delitos oportunistas em áreas de grande circulação de pedestres e integração com transporte público, aproveitando o fluxo intenso e a desatenção dos transeuntes",elementos urbanos que favorecem delitos oportunistas,media,False
9,,RI_011,RELINT,modus_operandi,Atuação em locais de grande circulação de pedestres com integração ao transporte público,áreas de grande circulação de pedestres e integração com o transporte público,media,False
9,,RI_011,RELINT,rotas_fuga,,,,True
9,,RI_011,RELINT,pontos_receptacao,,,,True
9,,RI_011,RELINT,controle_territorial,,,,True
9,,RI_011,RELINT,deslocamento_autor,,,,True
9,ACESSOS AO METRÔ BOTAFOGO,RI_011,RELINT,modalidade_criminal,"Furto de aparelhos celulares em ambiente de alta densidade de pedestres, com ocorrência nos acessos ao transporte público metropolitano.",A alta densidade de pessoas em espaço reduzido próximo às catracas favorece furtos rápidos de aparelhos celulares,alta,False
9,ACESSOS AO METRÔ BOTAFOGO,RI_011,RELINT,modus_operandi,Aproveitamento do momento de pagamento da tarifa ou uso de dispositivos móveis pelos passageiros como janela de oportunidade para o furto.,furtadores aproveitando o momento de pagamento da tarifa ou uso de dispositivos móveis pelos passageiros,alta,False
9,ACESSOS AO METRÔ BOTAFOGO,RI_011,RELINT,modus_operandi,"Atuação em áreas de espera, travessias e acessos ao transporte público, com exploração de momentos de distração das vítimas.","aproveitando momentos de distração das vítimas em áreas de espera, travessias e acessos ao transporte público",alta,False
9,ACESSOS AO METRÔ BOTAFOGO,RI_011,RELINT,modus_operandi,Preferência por locais com baixa visibilidade e obstáculos urbanos que dificultam a vigilância e a fiscalização.,"áreas com baixa visibilidade — corredores de acesso cobertos com pontos de sombra; obstáculos urbanos dificultando vigilância — grades, bancas e comércio informal próximos às saídas",alta,False
9,ACESSOS AO METRÔ BOTAFOGO,RI_011,RELINT,modus_operandi,"Concentração da ação nos horários de pico, quando gargalos de fluxo nas escadas e catracas aumentam a retenção de pedestres.",retenção de fluxo em horários de pico — escadas e catracas com gargalos nos horários 07h–09h e 17h–20h,alta,False
9,ACESSOS AO METRÔ BOTAFOGO,RI_011,RELINT,rotas_fuga,"Dispersão por múltiplas saídas do metrô e pontos de ônibus adjacentes, favorecendo a diluição no fluxo de pedestres e passageiros.",múltiplas rotas de dispersão após a prática criminosa — múltiplas saídas do metrô e pontos de ônibus,alta,False
9,ACESSOS AO METRÔ BOTAFOGO,RI_011,RELINT,rotas_fuga,Utilização das calçadas adjacentes às saídas como rota de fuga por motociclistas.,motociclistas utilizando calçadas adjacentes como rota de fuga,alta,False
9,ACESSOS AO METRÔ BOTAFOGO,RI_011,RELINT,pontos_receptacao,,,,True
9,ACESSOS AO METRÔ BOTAFOGO,RI_011,RELINT,controle_territorial,,,,True
9,ACESSOS AO METRÔ BOTAFOGO,RI_011,RELINT,deslocamento_autor,"Autores se deslocam predominantemente a pé, com uso de motocicletas e bicicletas como meios alternativos de deslocamento e fuga.","predominância de indivíduos atuando a pé, motocicletas e bicicletas",alta,False
9,ACESSOS AO METRÔ BOTAFOGO,RI_011,RELINT,deslocamento_autor,Circulação intensa de motocicletas e bicicletas nas vias e calçadas adjacentes ao sub-local.,circulação intensa de motocicletas e bicicletas — motociclistas utilizando calçadas adjacentes como rota de fuga,alta,False
9,RUA SÃO CLEMENTE,RI_011,RELINT,modalidade_criminal,Furtos e roubos de celulares como modalidade criminal predominante na via.,A dinâmica criminal observada indica predominância de furtos e roubos de celulares praticados por indivíduos a pé e motocicletas.,alta,False
9,RUA SÃO CLEMENTE,RI_011,RELINT,modalidade_criminal,Roubos de celular executados especificamente por duplas em motocicleta.,circulação intensa de motocicletas e bicicletas — roubos de celular executados por duplas em motocicleta,alta,False
9,RUA SÃO CLEMENTE,RI_011,RELINT,modus_operandi,Abordagem discreta favorecida pela proximidade forçada entre pedestres em calçadas estreitas.,"A largura reduzida das calçadas em determinados trechos força a proximidade entre pedestres, facilitando abordagens discretas.",alta,False
9,RUA SÃO CLEMENTE,RI_011,RELINT,modus_operandi,"Aproveitamento de momentos de distração das vítimas em áreas de espera, travessias e acessos ao transporte público.","aproveitando momentos de distração das vítimas em áreas de espera, travessias e acessos ao transporte público.",alta,False
9,RUA SÃO CLEMENTE,RI_011,RELINT,modus_operandi,"Exploração de zonas de baixa visibilidade no período noturno, geradas por arborização densa que reduz a eficácia da iluminação pública, próximas a estabelecimentos comerciais e bares.","Trechos com arborização densa ao longo da via reduzem a eficácia da iluminação pública no período noturno, criando zonas de baixa visibilidade próximas a estabelecimentos comerciais e bares.",alta,False
9,RUA SÃO CLEMENTE,RI_011,RELINT,modus_operandi,Aglomerações em horários de pico noturno em frente a estabelecimentos comerciais e bares utilizadas como cobertura para as abordagens.,retenção de fluxo em horários de pico — aglomerações em frente a estabelecimentos comerciais e bares no período noturno,alta,False
9,RUA SÃO CLEMENTE,RI_011,RELINT,modus_operandi,Obstáculos urbanos — calçadas estreitas e mesas de bares ocupando o espaço público — dificultam a vigilância e favorecem a ação criminosa.,obstáculos urbanos dificultando vigilância — calçadas estreitas e mesas de bares ocupando espaço público,alta,False
9,RUA SÃO CLEMENTE,RI_011,RELINT,modus_operandi,"Vítimas predominantes são estudantes, usuários do transporte público e frequentadores do comércio local.","A Rua São Clemente apresenta fluxo constante de estudantes, usuários do transporte público e frequentadores do comércio local.",media,False
9,RUA SÃO CLEMENTE,RI_011,RELINT,rotas_fuga,Dispersão via ligação rápida com a Rua Humaitá após a prática criminosa.,múltiplas rotas de dispersão após a prática criminosa — ligação rápida com Rua Humaitá,alta,False
9,RUA SÃO CLEMENTE,RI_011,RELINT,rotas_fuga,Dispersão com acesso ao Túnel Santa Bárbara como rota de fuga.,acesso ao Túnel Santa Bárbara,alta,False
9,RUA SÃO CLEMENTE,RI_011,RELINT,pontos_receptacao,,,,True
9,RUA SÃO CLEMENTE,RI_011,RELINT,controle_territorial,,,,True
9,RUA SÃO CLEMENTE,RI_011,RELINT,deslocamento_autor,"Autores se deslocam a pé, em motocicleta e em bicicleta.","A dinâmica criminal observada indica predominância de indivíduos atuando a pé, motocicletas e bicicletas",alta,False
9,RUA SÃO CLEMENTE,RI_011,RELINT,deslocamento_autor,Roubos executados especificamente por duplas em motocicleta.,roubos de celular executados por duplas em motocicleta,alta,False
9,RUA VOLUNTÁRIOS DA PÁTRIA,RI_011,RELINT,modalidade_criminal,"Prática criminosa oportunista em corredor comercial noturno, com aproveitamento de distração de pedestres em áreas de espera, travessias e acessos ao transporte público.","A dinâmica criminal observada indica predominância de indivíduos atuando a pé, motocicletas e bicicletas, aproveitando momentos de distração das vítimas em áreas de espera, travessias e acessos ao transporte público.",media,False
9,RUA VOLUNTÁRIOS DA PÁTRIA,RI_011,RELINT,modus_operandi,"Abordagem oportunista a pedestres distraídos em corredor comercial noturno, com frequentadores de bares e restaurantes constituindo perfil vulnerável.",frequentadores de bares e restaurantes constituindo perfil vulnerável no período noturno,alta,False
9,RUA VOLUNTÁRIOS DA PÁTRIA,RI_011,RELINT,modus_operandi,Exploração de trechos com baixa visibilidade e obstáculos urbanos que dificultam a vigilância natural e o patrulhamento.,obstáculos urbanos e marquises comprometendo iluminação em trechos,alta,False
9,RUA VOLUNTÁRIOS DA PÁTRIA,RI_011,RELINT,modus_operandi,"Utilização de veículos estacionados irregularmente em calçadas como cobertura estrutural para a prática criminosa, reduzindo visibilidade.",veículos estacionados nas calçadas em determinados trechos reduz o espaço disponível para circulação e compromete a visibilidade para patrulhamento,media,False
9,RUA VOLUNTÁRIOS DA PÁTRIA,RI_011,RELINT,modus_operandi,"Circulação de motocicletas com placas adulteradas identificadas na via, indicando possível preparação para ação criminosa com dificultação de identificação.",motocicletas com placas adulteradas identificadas na via,alta,False
9,RUA VOLUNTÁRIOS DA PÁTRIA,RI_011,RELINT,rotas_fuga,"Múltiplas rotas de dispersão após a prática criminosa, com acesso direto ao Metrô Botafogo.",múltiplas rotas de dispersão após a prática criminosa — acesso direto ao Metrô Botafogo,alta,False
9,RUA VOLUNTÁRIOS DA PÁTRIA,RI_011,RELINT,rotas_fuga,Rota de dispersão com conexão para a Rua São Clemente.,conexão com Rua São Clemente,alta,False
9,RUA VOLUNTÁRIOS DA PÁTRIA,RI_011,RELINT,pontos_receptacao,,,,True
9,RUA VOLUNTÁRIOS DA PÁTRIA,RI_011,RELINT,controle_territorial,,,,True
9,RUA VOLUNTÁRIOS DA PÁTRIA,RI_011,RELINT,deslocamento_autor,"Deslocamento dos autores a pé, em motocicletas e bicicletas.","A dinâmica criminal observada indica predominância de indivíduos atuando a pé, motocicletas e bicicletas",alta,False
9,RUA VOLUNTÁRIOS DA PÁTRIA,RI_011,RELINT,deslocamento_autor,Circulação intensa de motocicletas e bicicletas identificada na via.,circulação intensa de motocicletas e bicicletas — motocicletas com placas adulteradas identificadas na via,alta,False
9,CONCLUSÃO,RI_011,RELINT,modalidade_criminal,Furtos e roubos de aparelhos celulares contra pedestres,"fatores urbanos e territoriais que favorecem delitos oportunistas, especialmente furtos e roubos de aparelhos celulares contra pedestres",alta,False
9,CONCLUSÃO,RI_011,RELINT,modus_operandi,Aproveitamento da alta concentração de pedestres e da reduzida atenção das vítimas nos horários de pico e no período noturno dos corredores comerciais,aproveitando a alta concentração de pedestres e a reduzida atenção das vítimas,alta,False
9,CONCLUSÃO,RI_011,RELINT,modus_operandi,Exploração de gargalos nos acessos ao metrô como ponto de abordagem oportunista,Os gargalos nos acessos ao Metrô Botafogo,media,False
9,CONCLUSÃO,RI_011,RELINT,modus_operandi,"Uso de obstáculos urbanos (mesas de bares, veículos estacionados em calçadas) como elementos de cobertura ou dispersão",fiscalização de obstáculos urbanos — regularização de mesas de bares e veículos estacionados em calçadas,baixa,False
9,CONCLUSÃO,RI_011,RELINT,modus_operandi,Concentração temporal nos horários de pico do metrô (07h–09h e 17h–20h) e no período noturno,Os delitos tendem a ocorrer principalmente nos horários de pico do metrô (07h–09h e 17h–20h) e no período noturno dos corredores comerciais,alta,False
9,CONCLUSÃO,RI_011,RELINT,rotas_fuga,,,,True
9,CONCLUSÃO,RI_011,RELINT,pontos_receptacao,,,,True
9,CONCLUSÃO,RI_011,RELINT,controle_territorial,,,,True
9,CONCLUSÃO,RI_011,RELINT,deslocamento_autor,,,,True
10,,RI_012,RELINT,modalidade_criminal,"Furtos e roubos contra transeuntes, com predominância de subtração de aparelhos celulares","incidência de furtos e roubos contra transeuntes, especialmente subtração de aparelhos celulares",alta,False
10,,RI_012,RELINT,modus_operandi,Delitos oportunistas em áreas de grande circulação de pedestres e integração com transporte público,elementos urbanos que favorecem delitos oportunistas,media,False
10,,RI_012,RELINT,modus_operandi,Abordagens a transeuntes em locais de intenso fluxo de pedestres e próximos a terminais/linhas de transporte público,áreas de grande circulação de pedestres e integração com o transporte público,media,False
10,,RI_012,RELINT,rotas_fuga,,,,True
10,,RI_012,RELINT,pontos_receptacao,,,,True
10,,RI_012,RELINT,controle_territorial,,,,True
10,,RI_012,RELINT,deslocamento_autor,,,,True
10,PARQUE E ACESSOS INTERNOS,RI_012,RELINT,modalidade_criminal,"Furto predominante, com atuação oportunista em área de grande circulação de pedestres e ciclistas",formando nichos pouco visíveis utilizados como esconderijo e rota de fuga por furtadores,alta,False
10,PARQUE E ACESSOS INTERNOS,RI_012,RELINT,modus_operandi,"Aproveitamento de momentos de distração das vítimas em áreas de espera, travessias e acessos ao transporte público","aproveitando momentos de distração das vítimas em áreas de espera, travessias e acessos ao transporte público",alta,False
10,PARQUE E ACESSOS INTERNOS,RI_012,RELINT,modus_operandi,"Uso de nichos formados por tapumes de obras como esconderijo, favorecendo aproximações rápidas com baixa visibilidade",vegetação densa em determinados pontos reduz a visibilidade noturna e favorece aproximações rápidas,alta,False
10,PARQUE E ACESSOS INTERNOS,RI_012,RELINT,modus_operandi,"Concentração de ação nos horários de pico, com aproveitamento do retenção de fluxo nos acessos à orla",retenção de fluxo em horários de pico — concentração de pedestres e ciclistas nos acessos à orla,alta,False
10,PARQUE E ACESSOS INTERNOS,RI_012,RELINT,modus_operandi,Exploração de pontos cegos gerados por estruturas de obras nos acessos internos para dificultar a vigilância,obstáculos urbanos dificultando vigilância — estruturas de obras criando pontos cegos nos acessos internos,alta,False
10,PARQUE E ACESSOS INTERNOS,RI_012,RELINT,rotas_fuga,Dispersão pelas saídas para vias de grande fluxo na orla da Zona Sul,múltiplas rotas de dispersão após a prática criminosa — saídas para Av. Epitácio Pessoa e Av. Delfim Moreira,alta,False
10,PARQUE E ACESSOS INTERNOS,RI_012,RELINT,rotas_fuga,Uso da ciclovia interna como rota de fuga após os delitos,ciclovia utilizada como rota de fuga após delitos,alta,False
10,PARQUE E ACESSOS INTERNOS,RI_012,RELINT,rotas_fuga,Múltiplas entradas e saídas não controladas favorecem a dispersão imediata após a prática criminosa,"configuração do espaço, com múltiplas entradas e saídas não controladas, dificulta o patrulhamento contínuo e favorece a dispersão imediata após a prática criminosa",alta,False
10,PARQUE E ACESSOS INTERNOS,RI_012,RELINT,rotas_fuga,Nichos formados por tapumes de obras utilizados como rota de fuga,nichos pouco visíveis utilizados como esconderijo e rota de fuga por furtadores,alta,False
10,PARQUE E ACESSOS INTERNOS,RI_012,RELINT,pontos_receptacao,,,,True
10,PARQUE E ACESSOS INTERNOS,RI_012,RELINT,controle_territorial,,,,True
10,PARQUE E ACESSOS INTERNOS,RI_012,RELINT,deslocamento_autor,"Autores se deslocam a pé, em motocicletas e em bicicletas","A dinâmica criminal observada indica predominância de indivíduos atuando a pé, motocicletas e bicicletas",alta,False
10,PARQUE E ACESSOS INTERNOS,RI_012,RELINT,deslocamento_autor,"Circulação intensa de motocicletas e bicicletas identificada na área, com uso da ciclovia como via de deslocamento",circulação intensa de motocicletas e bicicletas — ciclovia utilizada como rota de fuga após delitos,alta,False
10,ACESSOS PRAIA – IPANEMA / LEBLON,RI_012,RELINT,modalidade_criminal,Furtos e roubos de aparelhos celulares em acessos à praia,cenário favorável para furtos e roubos de aparelhos celulares,alta,False
10,ACESSOS PRAIA – IPANEMA / LEBLON,RI_012,RELINT,modus_operandi,"Abordagem oportunista em momentos de distração das vítimas em áreas de espera, travessias e acessos ao transporte público","aproveitando momentos de distração das vítimas em áreas de espera, travessias e acessos ao transporte público",alta,False
10,ACESSOS PRAIA – IPANEMA / LEBLON,RI_012,RELINT,modus_operandi,Perfil de vítima: frequentadores com atenção voltada ao lazer e turistas portando pertences de valor,Frequentadores com atenção voltada ao lazer e turistas com pertences de valor constituem perfil de alta vulnerabilidade,alta,False
10,ACESSOS PRAIA – IPANEMA / LEBLON,RI_012,RELINT,modus_operandi,"Exploração de pontos cegos gerados por quiosques e estruturas de apoio de praia, fora do alcance do patrulhamento convencional",Quiosques e estruturas de apoio de praia criam pontos cegos fora do alcance do patrulhamento convencional,alta,False
10,ACESSOS PRAIA – IPANEMA / LEBLON,RI_012,RELINT,modus_operandi,"Estruturas provisórias de obras limitam a circulação do patrulhamento, ampliando janelas de oportunidade",obstáculos urbanos dificultando vigilância — estruturas provisórias de obras limitando circulação de patrulhamento,alta,False
10,ACESSOS PRAIA – IPANEMA / LEBLON,RI_012,RELINT,modus_operandi,"Concentração da atuação em finais de semana, feriados e horários de lazer, aproveitando alta densidade de frequentadores",retenção de fluxo em horários de pico — alta concentração de frequentadores nos fins de semana e feriados,alta,False
10,ACESSOS PRAIA – IPANEMA / LEBLON,RI_012,RELINT,modus_operandi,"Furtadores em bicicleta atuando na ciclofaixa da orla, misturando-se ao fluxo normal de ciclistas",furtadores em bicicleta atuando na ciclofaixa da orla,alta,False
10,ACESSOS PRAIA – IPANEMA / LEBLON,RI_012,RELINT,rotas_fuga,"Fuga imediata pelo acesso direto à orla, favorecida pela ausência de barreiras físicas nas saídas",A ausência de barreiras físicas nas saídas para a orla favorece a fuga imediata dos furtadores após a ação,alta,False
10,ACESSOS PRAIA – IPANEMA / LEBLON,RI_012,RELINT,rotas_fuga,Corredor de dispersão via passagens internas em direção à Av. Ataulfo de Paiva,múltiplas rotas de dispersão após a prática criminosa — corredor direto para Av. Ataulfo de Paiva via passagens internas,alta,False
10,ACESSOS PRAIA – IPANEMA / LEBLON,RI_012,RELINT,pontos_receptacao,,,,True
10,ACESSOS PRAIA – IPANEMA / LEBLON,RI_012,RELINT,controle_territorial,,,,True
10,ACESSOS PRAIA – IPANEMA / LEBLON,RI_012,RELINT,deslocamento_autor,"Deslocamento a pé, em motocicleta e em bicicleta","predominância de indivíduos atuando a pé, motocicletas e bicicletas",alta,False
10,ACESSOS PRAIA – IPANEMA / LEBLON,RI_012,RELINT,deslocamento_autor,Uso específico da ciclofaixa da orla como via de atuação por furtadores em bicicleta,circulação intensa de motocicletas e bicicletas — furtadores em bicicleta atuando na ciclofaixa da orla,alta,False
10,PASSAGENS E TRAVESSIAS,RI_012,RELINT,modalidade_criminal,"Furtos praticados nas vias adjacentes às passagens internas e travessias, com dispersão rápida após o delito.",dispersão rápida após delitos praticados nas vias adjacentes,media,False
10,PASSAGENS E TRAVESSIAS,RI_012,RELINT,modus_operandi,"Aproveitamento de momentos de distração de pedestres em áreas de espera, travessias e acessos ao transporte público.","aproveitando momentos de distração das vítimas em áreas de espera, travessias e acessos ao transporte público",alta,False
10,PASSAGENS E TRAVESSIAS,RI_012,RELINT,modus_operandi,"Uso de passagens estreitas e pouco iluminadas para dispersão rápida, dificultando patrulhamento motorizado e favorecendo a evasão.",configuração física com passagens estreitas e pouco iluminadas favorece a dispersão rápida após delitos praticados nas vias adjacentes,alta,False
10,PASSAGENS E TRAVESSIAS,RI_012,RELINT,modus_operandi,"Atuação predominante no período noturno, explorando ausência de iluminação adequada nos trechos internos.",A ausência de iluminação adequada nestes trechos no período noturno cria corredores de risco,alta,False
10,PASSAGENS E TRAVESSIAS,RI_012,RELINT,modus_operandi,Fluxo constante de pedestres nos horários de pico nas passagens de ligação orla–bairro utilizado como cobertura para a prática criminosa.,retenção de fluxo em horários de pico — fluxo constante de pedestres nas passagens de ligação orla–bairro,media,False
10,PASSAGENS E TRAVESSIAS,RI_012,RELINT,rotas_fuga,Saídas diretas pelas passagens internas em direção à Avenida Ataulfo de Paiva e à Vieira Souto.,múltiplas rotas de dispersão após a prática criminosa — saídas diretas para Av. Ataulfo de Paiva e Vieira Souto,alta,False
10,PASSAGENS E TRAVESSIAS,RI_012,RELINT,rotas_fuga,Corredores internos conectando a orla às vias principais do Leblon utilizados como rotas de evasão.,corredores de risco que conectam a orla às vias principais do Leblon,alta,False
10,PASSAGENS E TRAVESSIAS,RI_012,RELINT,pontos_receptacao,,,,True
10,PASSAGENS E TRAVESSIAS,RI_012,RELINT,controle_territorial,,,,True
10,PASSAGENS E TRAVESSIAS,RI_012,RELINT,deslocamento_autor,"Deslocamento a pé, em motocicleta e em bicicleta pelas passagens internas.","predominância de indivíduos atuando a pé, motocicletas e bicicletas",alta,False
10,PASSAGENS E TRAVESSIAS,RI_012,RELINT,deslocamento_autor,"Bicicletas transitando especificamente pelas passagens internas, aproveitando largura reduzida que impede patrulhamento motorizado.",bicicletas transitando pelas passagens internas,alta,False
10,CONCLUSÃO,RI_012,RELINT,modalidade_criminal,Furtos e roubos de aparelhos celulares contra pedestres e turistas,especialmente furtos e roubos de aparelhos celulares contra pedestres e turistas,alta,False
10,CONCLUSÃO,RI_012,RELINT,modus_operandi,"Delitos oportunistas favorecidos por vegetação densa, nichos formados por obras de revitalização e passagens internas sem iluminação, que permitem aproximações não percebidas pelas vítimas","A combinação de vegetação densa, nichos formados pelas obras de revitalização e passagens internas sem iluminação cria um ambiente de vulnerabilidade contínua entre a orla e os bairros de Ipanema e Leblon",alta,False
10,CONCLUSÃO,RI_012,RELINT,modus_operandi,"Perfil de vítima: pedestres e turistas, com concentração nos fins de semana, feriados e período de entardecer/início da noite","Os delitos tendem a ocorrer principalmente nos fins de semana e feriados, nos horários de maior fluxo de lazer, com pico de vulnerabilidade no período de entardecer e início da noite nas passagens internas",alta,False
10,CONCLUSÃO,RI_012,RELINT,modus_operandi,Tapumes das obras de revitalização utilizados como esconderijo para posicionamento antes da abordagem,monitoramento dos nichos formados por tapumes utilizados como esconderijo,media,False
10,CONCLUSÃO,RI_012,RELINT,rotas_fuga,"Vias de conexão entre a orla e os bairros adjacentes (Ipanema e Leblon), incluindo passagens internas da área",vulnerabilidade contínua entre a orla e os bairros de Ipanema e Leblon,baixa,False
10,CONCLUSÃO,RI_012,RELINT,pontos_receptacao,,,,True
10,CONCLUSÃO,RI_012,RELINT,controle_territorial,,,,True
10,CONCLUSÃO,RI_012,RELINT,deslocamento_autor,,,,True
11,,RI_013,RELINT,modalidade_criminal,"Furtos e roubos contra transeuntes, com ênfase em subtração de aparelhos celulares","incidência de furtos e roubos contra transeuntes, especialmente subtração de aparelhos celulares",alta,False
11,,RI_013,RELINT,modus_operandi,Delitos oportunistas em área de grande circulação de pedestres integrada ao transporte público,elementos urbanos que favorecem delitos oportunistas,media,False
11,,RI_013,RELINT,modus_operandi,Abordagem a transeuntes em zonas de alto fluxo de pessoas e conexão com transporte público,áreas de grande circulação de pedestres e integração com o transporte público,media,False
11,,RI_013,RELINT,rotas_fuga,,,,True
11,,RI_013,RELINT,pontos_receptacao,,,,True
11,,RI_013,RELINT,controle_territorial,,,,True
11,,RI_013,RELINT,deslocamento_autor,,,,True
11,ESTAÇÃO DE TREM DE CAMPO GRANDE,RI_013,RELINT,modalidade_criminal,"Predominância de furtos, com ação de furtadores em ambiente de aglomeração e distração de usuários do transporte público.",A presença de ambulantes sem licença nos acessos à estação cria ambiente de confusão visual que facilita a ação de furtadores.,alta,False
11,ESTAÇÃO DE TREM DE CAMPO GRANDE,RI_013,RELINT,modus_operandi,"Exploração de aglomerações em horários de pico nos acessos ferroviários, com aproveitamento de momentos de distração das vítimas em áreas de espera, travessias e acessos ao transporte público.","aproveitando momentos de distração das vítimas em áreas de espera, travessias e acessos ao transporte público.",alta,False
11,ESTAÇÃO DE TREM DE CAMPO GRANDE,RI_013,RELINT,modus_operandi,Uso intencional de ambiente de confusão visual gerado por ambulantes irregulares nos acessos como cobertura para a prática criminosa.,A presença de ambulantes sem licença nos acessos à estação cria ambiente de confusão visual que facilita a ação de furtadores.,alta,False
11,ESTAÇÃO DE TREM DE CAMPO GRANDE,RI_013,RELINT,modus_operandi,Exploração de pontos cegos com iluminação insuficiente no período noturno e estruturas que escapam ao alcance do patrulhamento.,trechos com iluminação insuficiente no período noturno e estruturas que criam pontos cegos fora do alcance do patrulhamento.,alta,False
11,ESTAÇÃO DE TREM DE CAMPO GRANDE,RI_013,RELINT,modus_operandi,Concentração da ação nos horários de maior retenção de fluxo: 06h–09h e 17h–21h.,retenção de fluxo em horários de pico — acessos ferroviários com aglomerações nos horários 06h–09h e 17h–21h,alta,False
11,ESTAÇÃO DE TREM DE CAMPO GRANDE,RI_013,RELINT,rotas_fuga,Dispersão pelos acessos diretos ao calçadão e pelas vias secundárias do bairro após a prática criminosa.,múltiplas rotas de dispersão após a prática criminosa — acesso direto ao calçadão e vias secundárias do bairro.,alta,False
11,ESTAÇÃO DE TREM DE CAMPO GRANDE,RI_013,RELINT,rotas_fuga,"Vias adjacentes à estação apresentam múltiplas rotas de fuga disponíveis, com circulação intensa de motocicletas e bicicletas.",circulação intensa de motocicletas e bicicletas — vias adjacentes com múltiplas rotas de fuga disponíveis,alta,False
11,ESTAÇÃO DE TREM DE CAMPO GRANDE,RI_013,RELINT,rotas_fuga,Proximidade com comunidades sob influência de ORCRIM adiciona fator de vulnerabilidade às rotas de dispersão utilizadas após a prática de delitos.,A proximidade com comunidades sob influência de organizações criminosas (ORCRIM) adiciona fator de vulnerabilidade às rotas de dispersão utilizadas após a prática de delitos.,media,False
11,ESTAÇÃO DE TREM DE CAMPO GRANDE,RI_013,RELINT,pontos_receptacao,,,,True
11,ESTAÇÃO DE TREM DE CAMPO GRANDE,RI_013,RELINT,controle_territorial,"Presença de comunidades sob influência de organizações criminosas (ORCRIM) no entorno da estação, com impacto indireto nas rotas de dispersão pós-delito.",A proximidade com comunidades sob influência de organizações criminosas (ORCRIM) adiciona fator de vulnerabilidade às rotas de dispersão utilizadas após a prática de delitos.,media,False
11,ESTAÇÃO DE TREM DE CAMPO GRANDE,RI_013,RELINT,deslocamento_autor,"Autores se deslocam predominantemente a pé, com uso de motocicletas e bicicletas para fuga pelas vias adjacentes.","A dinâmica criminal observada indica predominância de indivíduos atuando a pé, motocicletas e bicicletas",alta,False
11,CALÇADÃO COMERCIAL,RI_013,RELINT,modalidade_criminal,Furtos e roubos rápidos contra transeuntes em área de intenso fluxo comercial e de transporte público.,A dinâmica criminal predominante está relacionada a furtos e roubos rápidos contra transeuntes.,alta,False
11,CALÇADÃO COMERCIAL,RI_013,RELINT,modus_operandi,Aproveitamento de ambiente de confusão visual e tumulto gerado por comércio irregular e concentração de ambulantes para ação furtiva sem percepção imediata pela vítima.,O comércio sem controle e a concentração de ambulantes irregulares criam ambientes de confusão visual e tumulto que facilitam a ação de furtadores oportunistas sem que a vítima perceba imediatamente.,alta,False
11,CALÇADÃO COMERCIAL,RI_013,RELINT,modus_operandi,Exploração de pontos cegos criados por estruturas irregulares e ambulantes que reduzem a visibilidade da fiscalização.,áreas com baixa visibilidade — ambulantes e estruturas irregulares criando pontos cegos para a fiscalização.,alta,False
11,CALÇADÃO COMERCIAL,RI_013,RELINT,modus_operandi,"Ação em momentos de distração das vítimas em áreas de espera, travessias e acessos ao transporte público.","aproveitando momentos de distração das vítimas em áreas de espera, travessias e acessos ao transporte público.",alta,False
11,CALÇADÃO COMERCIAL,RI_013,RELINT,modus_operandi,Retenção de fluxo em horários de pico nos corredores do calçadão utilizada como condição favorável à prática criminosa.,retenção de fluxo em horários de pico — corredores do calçadão com pedestres em fluxo constante durante o horário comercial.,media,False
11,CALÇADÃO COMERCIAL,RI_013,RELINT,modus_operandi,"Obstáculos urbanos (barracas e mercadorias) obstruindo calçadas e reduzindo espaço de circulação, dificultando vigilância.",obstáculos urbanos dificultando vigilância — barracas e mercadorias obstruindo calçadas e reduzindo espaço de circulação.,alta,False
11,CALÇADÃO COMERCIAL,RI_013,RELINT,rotas_fuga,Dispersão pós-crime por múltiplas saídas para vias secundárias e acesso à estação ferroviária.,múltiplas rotas de dispersão após a prática criminosa — saídas para vias secundárias e acesso à estação ferroviária.,alta,False
11,CALÇADÃO COMERCIAL,RI_013,RELINT,rotas_fuga,Uso de bicicletas circulando no próprio calçadão para facilitar a fuga.,bicicletas circulando no calçadão dificultam vigilância e facilitam fuga.,alta,False
11,CALÇADÃO COMERCIAL,RI_013,RELINT,pontos_receptacao,"Comércio local de aparelhos celulares com valores significativamente abaixo do mercado, indicando possível receptação de produtos subtraídos.","Registrado comércio de aparelhos celulares com valores significativamente abaixo do mercado, sugerindo receptação de produtos subtraídos.",media,False
11,CALÇADÃO COMERCIAL,RI_013,RELINT,controle_territorial,,,,True
11,CALÇADÃO COMERCIAL,RI_013,RELINT,deslocamento_autor,"Autores se deslocam a pé, em motocicletas e bicicletas.","A dinâmica criminal observada indica predominância de indivíduos atuando a pé, motocicletas e bicicletas.",alta,False
11,CORREDORES DE ÔNIBUS E VIAS SECUNDÁRIAS,RI_013,RELINT,modalidade_criminal,"Prática criminosa não especificada quanto ao tipo exato, mas com dinâmica associada a furto/roubo oportunista em áreas de espera e acesso ao transporte público","aproveitando momentos de distração das vítimas em áreas de espera, travessias e acessos ao transporte público",media,False
11,CORREDORES DE ÔNIBUS E VIAS SECUNDÁRIAS,RI_013,RELINT,modus_operandi,"Abordagem oportunista aproveitando distração de usuários em pontos de espera, travessias e acessos ao transporte público","aproveitando momentos de distração das vítimas em áreas de espera, travessias e acessos ao transporte público",alta,False
11,CORREDORES DE ÔNIBUS E VIAS SECUNDÁRIAS,RI_013,RELINT,modus_operandi,Exploração de horários de pico com alta concentração de usuários nos pontos de parada de ônibus como condição favorável à prática criminosa,retenção de fluxo em horários de pico — corredores de ônibus com concentração de usuários nos pontos de parada,alta,False
11,CORREDORES DE ÔNIBUS E VIAS SECUNDÁRIAS,RI_013,RELINT,modus_operandi,Aproveitamento de baixa visibilidade em vias secundárias com iluminação precária no período noturno como cobertura para a prática criminosa,áreas com baixa visibilidade — vias secundárias com iluminação precária no período noturno,alta,False
11,CORREDORES DE ÔNIBUS E VIAS SECUNDÁRIAS,RI_013,RELINT,modus_operandi,Uso de obstáculos urbanos (veículos de carga) nas vias secundárias como elemento que reduz a vigilância e favorece a ação,obstáculos urbanos dificultando vigilância — veículos de carga nas vias secundárias obstruindo a visibilidade,alta,False
11,CORREDORES DE ÔNIBUS E VIAS SECUNDÁRIAS,RI_013,RELINT,rotas_fuga,"Dispersão pelas vias secundárias do entorno, incluindo ruas de mão única e becos que dificultam o controle pelo patrulhamento convencional","A malha viária complexa do entorno, com diversas ruas de mão única e becos, cria corredores de fuga de difícil controle pelo patrulhamento convencional",alta,False
11,CORREDORES DE ÔNIBUS E VIAS SECUNDÁRIAS,RI_013,RELINT,rotas_fuga,"Acesso direto a comunidades do entorno como rota de dispersão pós-delito, dificultando perseguição além do perímetro imediato",múltiplas rotas de dispersão após a prática criminosa — vias secundárias com acesso direto a comunidades do entorno,alta,False
11,CORREDORES DE ÔNIBUS E VIAS SECUNDÁRIAS,RI_013,RELINT,rotas_fuga,Fuga com aproveitamento do fluxo intenso de veículos e pessoas nas vias secundárias próximas à estação,"rápida dispersão após a prática criminosa, principalmente utilizando motocicletas e circulação em meio ao fluxo intenso",alta,False
11,CORREDORES DE ÔNIBUS E VIAS SECUNDÁRIAS,RI_013,RELINT,pontos_receptacao,,,,True
11,CORREDORES DE ÔNIBUS E VIAS SECUNDÁRIAS,RI_013,RELINT,controle_territorial,"Comunidades do entorno sob influência de organizações criminosas representam vulnerabilidade geográfica adicional, dificultando perseguição além do perímetro imediato da estação","A proximidade com comunidades sob influência de organizações criminosas representa vulnerabilidade geográfica adicional, dificultando a perseguição além do perímetro imediato",media,False
11,CORREDORES DE ÔNIBUS E VIAS SECUNDÁRIAS,RI_013,RELINT,deslocamento_autor,"Deslocamento a pé, por motocicleta e por bicicleta; motocicletas utilizadas sistematicamente como meio de fuga pós-delito","A dinâmica criminal observada indica predominância de indivíduos atuando a pé, motocicletas e bicicletas",alta,False
11,CORREDORES DE ÔNIBUS E VIAS SECUNDÁRIAS,RI_013,RELINT,deslocamento_autor,Motocicletas empregadas de forma sistemática como modal de fuga após a prática criminosa,circulação intensa de motocicletas e bicicletas — motocicletas usadas sistematicamente como meio de fuga pós-delito,alta,False
11,CONCLUSÃO,RI_013,RELINT,modalidade_criminal,Furtos e roubos de aparelhos celulares contra pedestres como modalidade criminal predominante.,especialmente furtos e roubos de aparelhos celulares contra pedestres,alta,False
11,CONCLUSÃO,RI_013,RELINT,modus_operandi,"Delitos oportunistas praticados com aproveitamento do intenso fluxo de pedestres no calçadão e nos acessos ferroviários, com maior vulnerabilidade nos momentos de aglomeração nos embarques.","Os delitos tendem a ocorrer principalmente durante o horário comercial e no início da noite, aproveitando o intenso fluxo de pedestres no calçadão e nos acessos ferroviários, com maior vulnerabilidade nos momentos de aglomeração nos embarques",alta,False
11,CONCLUSÃO,RI_013,RELINT,modus_operandi,Presença de ambulantes irregulares no calçadão e nas imediações da estação ferroviária como fator de cobertura e vulnerabilidade estrutural para os delitos.,"A concentração de ambulantes irregulares no calçadão e nas imediações da estação ferroviária, aliada à proximidade com comunidades sob influência de organizações criminosas (ORCRIM), configura quadro de vulnerabilidade estrutural",media,False
11,CONCLUSÃO,RI_013,RELINT,modus_operandi,Obstáculos urbanos — veículos de carga obstruindo visibilidade nas vias secundárias — favorecem a prática dos delitos.,fiscalização de obstáculos urbanos — remoção de veículos de carga obstruindo visibilidade nas vias secundárias,media,False
11,CONCLUSÃO,RI_013,RELINT,modus_operandi,"Trechos cobertos da estação e vias secundárias do entorno com iluminação pública deficiente, ampliando a vulnerabilidade nas ocorrências.",melhoria da iluminação pública — especialmente nos trechos cobertos da estação e nas vias secundárias do entorno,media,False
11,CONCLUSÃO,RI_013,RELINT,rotas_fuga,,,,True
11,CONCLUSÃO,RI_013,RELINT,pontos_receptacao,,,,True
11,CONCLUSÃO,RI_013,RELINT,controle_territorial,"Área possui proximidade com comunidades sob influência de organizações criminosas (ORCRIM), fator que contribui para a vulnerabilidade estrutural da região.","proximidade com comunidades sob influência de organizações criminosas (ORCRIM), configura quadro de vulnerabilidade estrutural",media,False
11,CONCLUSÃO,RI_013,RELINT,deslocamento_autor,,,,True
12,,RI_014,RELINT,modalidade_criminal,"Furtos e roubos contra transeuntes, com ênfase na subtração de aparelhos celulares","furtos e roubos contra transeuntes, especialmente subtração de aparelhos celulares",alta,False
12,,RI_014,RELINT,modus_operandi,"Aproveitamento de delitos oportunistas favorecidos por elementos urbanos, como áreas de pouca visibilidade geradas pela arborização e pontos de retenção de fluxo em travessias",Foram identificadas áreas de sombra causadas pela arborização e retenção de fluxo em travessias. Foram observados fatores associados à incidência de furtos e roubos contra transeuntes,media,False
12,,RI_014,RELINT,modus_operandi,"Exploração do elevado fluxo de pedestres oriundos de polo gerador de tráfego (estabelecimento comercial de grande porte, hospitais e universidades) como contexto facilitador para abordagens oportunistas","elevado fluxo de pedestres e usuários do Shopping Rio Sul, hospitais e universidades",media,False
12,,RI_014,RELINT,rotas_fuga,,,,True
12,,RI_014,RELINT,pontos_receptacao,,,,True
12,,RI_014,RELINT,controle_territorial,,,,True
12,,RI_014,RELINT,deslocamento_autor,,,,True
12,AVENIDA LAURO MÜLLER,RI_014,RELINT,modalidade_criminal,Predominância de furtos oportunistas em área de alto fluxo de pedestres,cria ambiente propício para furtos oportunistas,alta,False
12,AVENIDA LAURO MÜLLER,RI_014,RELINT,modus_operandi,"Aproveitamento de momentos de distração das vítimas em áreas de espera, travessias e acessos ao transporte público","aproveitando momentos de distração das vítimas em áreas de espera, travessias e acessos ao transporte público",alta,False
12,AVENIDA LAURO MÜLLER,RI_014,RELINT,modus_operandi,Exploração de zonas de baixa visibilidade geradas por arborização densa e obstáculos urbanos para dificultar vigilância,áreas com baixa visibilidade — arborização densa criando zonas de sombra que comprometem a iluminação pública,alta,False
12,AVENIDA LAURO MÜLLER,RI_014,RELINT,modus_operandi,"Uso de motocicletas com placas adulteradas no corredor, dificultando identificação",motociclistas com placas adulteradas identificados no corredor,alta,False
12,AVENIDA LAURO MÜLLER,RI_014,RELINT,modus_operandi,"Perfil de vítima diversificado: frequentadores de shopping, profissionais de saúde e estudantes","A convergência de usuários de diferentes perfis — frequentadores do shopping, profissionais de saúde e estudantes",alta,False
12,AVENIDA LAURO MÜLLER,RI_014,RELINT,modus_operandi,Aglomeração constante em pontos de ônibus e acessos ao shopping como condição favorável à prática criminosa,retenção de fluxo em horários de pico — pontos de ônibus e acessos ao shopping com aglomeração constante,alta,False
12,AVENIDA LAURO MÜLLER,RI_014,RELINT,rotas_fuga,"Múltiplas rotas de dispersão após a prática criminosa, com acesso ao Túnel Alaor Prata e conexão com o bairro de Botafogo",múltiplas rotas de dispersão após a prática criminosa — acesso ao Túnel Alaor Prata e conexão com Botafogo,alta,False
12,AVENIDA LAURO MÜLLER,RI_014,RELINT,pontos_receptacao,,,,True
12,AVENIDA LAURO MÜLLER,RI_014,RELINT,controle_territorial,,,,True
12,AVENIDA LAURO MÜLLER,RI_014,RELINT,deslocamento_autor,"Deslocamento a pé, em motocicleta e em bicicleta","predominância de indivíduos atuando a pé, motocicletas e bicicletas",alta,False
12,AVENIDA LAURO MÜLLER,RI_014,RELINT,deslocamento_autor,Motocicletas com placas adulteradas circulando no corredor,circulação intensa de motocicletas e bicicletas — motociclistas com placas adulteradas identificados no corredor,alta,False
12,AVENIDA CARLOS PEIXOTO,RI_014,RELINT,modalidade_criminal,Delitos oportunistas contra pedestres em deslocamento,"indivíduos envolvidos em delitos oportunistas, que aproveitam a limitação de visibilidade para abordar pedestres em deslocamento",media,False
12,AVENIDA CARLOS PEIXOTO,RI_014,RELINT,modus_operandi,"Aproximação rápida em pontos de baixa visibilidade, aproveitando topografia acidentada (escadarias, recuos e rampas) que impedem monitoramento por câmeras e patrulhamento motorizado",A topografia acidentada com escadarias cria pontos cegos fora do alcance de câmeras e patrulhamento motorizado. Os recuos e rampas da via são utilizados como pontos de esconderijo,alta,False
12,AVENIDA CARLOS PEIXOTO,RI_014,RELINT,modus_operandi,"Abordagem oportunista a pedestres distraídos em áreas de espera, travessias e acessos ao transporte público, com aproveitamento do fluxo intenso entre o shopping e vias adjacentes","aproveitando momentos de distração das vítimas em áreas de espera, travessias e acessos ao transporte público",alta,False
12,AVENIDA CARLOS PEIXOTO,RI_014,RELINT,modus_operandi,Concentração da ação em horários de pico com retenção de fluxo de pedestres,retenção de fluxo em horários de pico — fluxo constante de pedestres entre o shopping e as vias adjacentes,alta,False
12,AVENIDA CARLOS PEIXOTO,RI_014,RELINT,rotas_fuga,"Escadarias utilizadas como rotas de dispersão vertical, permitindo acesso a vias superiores após a prática criminosa",múltiplas rotas de dispersão após a prática criminosa — escadarias oferecendo acesso a vias superiores,alta,False
12,AVENIDA CARLOS PEIXOTO,RI_014,RELINT,rotas_fuga,Vias paralelas à avenida utilizadas como rotas de fuga por motociclistas e ciclistas,circulação intensa de motocicletas e bicicletas — vias paralelas usadas como rotas de fuga verticais,alta,False
12,AVENIDA CARLOS PEIXOTO,RI_014,RELINT,pontos_receptacao,,,,True
12,AVENIDA CARLOS PEIXOTO,RI_014,RELINT,controle_territorial,,,,True
12,AVENIDA CARLOS PEIXOTO,RI_014,RELINT,deslocamento_autor,"Autores atuam a pé, em motocicletas e em bicicletas","A dinâmica criminal observada indica predominância de indivíduos atuando a pé, motocicletas e bicicletas",alta,False
12,VENCESLAU BRÁS / PASTEUR / GENERAL SEVERIANO,RI_014,RELINT,modalidade_criminal,Furtos e roubos de aparelhos celulares como modalidade predominante na área.,período com maior vulnerabilidade para furtos e roubos de celulares,alta,False
12,VENCESLAU BRÁS / PASTEUR / GENERAL SEVERIANO,RI_014,RELINT,modus_operandi,"Abordagens oportunistas a frequentadores em deslocamento rápido portando equipamentos de valor (celulares), com aproveitamento de momentos de distração em áreas de espera, travessias e acessos ao transporte público.","abordagens oportunistas, especialmente nos horários de troca de turno hospitalar",alta,False
12,VENCESLAU BRÁS / PASTEUR / GENERAL SEVERIANO,RI_014,RELINT,modus_operandi,Perfil de vítima predominante: frequentadores do entorno universitário e hospitalar em deslocamento rápido portando equipamentos de valor.,estudantes e profissionais de saúde em deslocamento rápido com equipamentos de valor — constitui alvo frequente de abordagens oportunistas,alta,False
12,VENCESLAU BRÁS / PASTEUR / GENERAL SEVERIANO,RI_014,RELINT,rotas_fuga,"Dispersão imediata por três vias distintas a partir do entroncamento, aproveitando o ambiente de confusão e os pontos cegos das interseções.",três vias distintas permitindo dispersão imediata,alta,False
12,VENCESLAU BRÁS / PASTEUR / GENERAL SEVERIANO,RI_014,RELINT,rotas_fuga,"O entroncamento complexo favorece a fuga por múltiplas direções, facilitada pela intensa circulação de motocicletas e bicicletas.",entroncamento complexo facilita fuga por múltiplas direções,alta,False
12,VENCESLAU BRÁS / PASTEUR / GENERAL SEVERIANO,RI_014,RELINT,pontos_receptacao,,,,True
12,VENCESLAU BRÁS / PASTEUR / GENERAL SEVERIANO,RI_014,RELINT,controle_territorial,,,,True
12,VENCESLAU BRÁS / PASTEUR / GENERAL SEVERIANO,RI_014,RELINT,deslocamento_autor,"Autores atuam a pé, em motocicletas e em bicicletas.","predominância de indivíduos atuando a pé, motocicletas e bicicletas",alta,False
12,CONCLUSÃO,RI_014,RELINT,modalidade_criminal,Furtos e roubos de aparelhos celulares contra pedestres como modalidade predominante.,furtos e roubos de aparelhos celulares contra pedestres,alta,False
12,CONCLUSÃO,RI_014,RELINT,modus_operandi,"Delitos oportunistas favorecidos por arborização densa e pontos cegos em escadarias, com aproveitamento da circulação de pedestres com equipamentos de valor.","A arborização densa da Av. Lauro Müller, os pontos cegos nas escadarias da Av. Carlos Peixoto e a convergência de fluxos universitários e hospitalares no entroncamento Venceslau Brás/Pasteur/General Severiano compõem um quadro de vulnerabilidade",alta,False
12,CONCLUSÃO,RI_014,RELINT,modus_operandi,"Concentração dos delitos no final da tarde e início da noite, coincidindo com horários de saída de instituições de ensino e troca de turno hospitalar, com vitimização de pedestres portando equipamentos de valor.","Os delitos tendem a ocorrer principalmente no final da tarde e início da noite, coincidindo com os horários de saída das instituições de ensino e troca de turno hospitalar, aproveitando o deslocamento de pedestres com equipamentos de valor",alta,False
12,CONCLUSÃO,RI_014,RELINT,modus_operandi,Perfil de vítima predominante: estudantes e profissionais de saúde em deslocamento a pé.,atinge principalmente estudantes e profissionais de saúde,alta,False
12,CONCLUSÃO,RI_014,RELINT,modus_operandi,Visibilidade comprometida por obstáculos urbanos — veículos estacionados em calçadas e estruturas obstruindo linhas de visão.,regularização de veículos estacionados em calçadas e estruturas que obstruem visibilidade,media,False
12,CONCLUSÃO,RI_014,RELINT,rotas_fuga,,,,True
12,CONCLUSÃO,RI_014,RELINT,pontos_receptacao,,,,True
12,CONCLUSÃO,RI_014,RELINT,controle_territorial,,,,True
12,CONCLUSÃO,RI_014,RELINT,deslocamento_autor,,,,True
14,,RI_015,RELINT,modalidade_criminal,"Furtos e roubos contra transeuntes, com ênfase na subtração de aparelhos celulares","incidência de furtos e roubos contra transeuntes, especialmente subtração de aparelhos celulares",alta,False
14,,RI_015,RELINT,modus_operandi,"Delitos oportunistas em áreas de grande circulação de pedestres e integração com transporte público, aproveitando vulnerabilidades urbanas do entorno",elementos urbanos que favorecem delitos oportunistas,media,False
14,,RI_015,RELINT,modus_operandi,Vítimas preferenciais são transeuntes em áreas de alto fluxo pedonal e interfaces com transporte público,áreas de grande circulação de pedestres e integração com o transporte público,media,False
14,,RI_015,RELINT,rotas_fuga,,,,True
14,,RI_015,RELINT,pontos_receptacao,,,,True
14,,RI_015,RELINT,controle_territorial,,,,True
14,,RI_015,RELINT,deslocamento_autor,,,,True
14,PRAIA DE BOTAFOGO,RI_015,RELINT,modalidade_criminal,"Predominância de furtos na orla, com destaque para subtração de equipamentos de valor de frequentadores e turistas.",Frequentadores com atenção voltada ao lazer e turistas com equipamentos de valor constituem perfil de alta vulnerabilidade.,media,False
14,PRAIA DE BOTAFOGO,RI_015,RELINT,modus_operandi,"Abordagem oportunista aproveitando momentos de distração das vítimas em áreas de espera, travessias e acessos ao transporte público.","aproveitando momentos de distração das vítimas em áreas de espera, travessias e acessos ao transporte público.",alta,False
14,PRAIA DE BOTAFOGO,RI_015,RELINT,modus_operandi,Exploração de pontos cegos gerados por quiosques e estruturas de apoio na orla para realização das ações.,quiosques e estruturas de apoio criando pontos cegos na orla,alta,False
14,PRAIA DE BOTAFOGO,RI_015,RELINT,modus_operandi,Aproveitamento de trechos com iluminação insuficiente no período noturno para a prática do delito.,trechos do aterro com iluminação insuficiente no período noturno,alta,False
14,PRAIA DE BOTAFOGO,RI_015,RELINT,modus_operandi,"Alta concentração de alvos nos fins de semana e feriados, com retenção de fluxo em horários de pico favorecendo a ação criminosa.",retenção de fluxo em horários de pico — alta concentração de frequentadores nos fins de semana e feriados,alta,False
14,PRAIA DE BOTAFOGO,RI_015,RELINT,modus_operandi,Operação de autores em bicicleta utilizando a ciclofaixa da orla como via de deslocamento e ação.,criminosos em bicicleta operando na ciclofaixa da orla,alta,False
14,PRAIA DE BOTAFOGO,RI_015,RELINT,rotas_fuga,Dispersão após a ação aproveitando as múltiplas rotas disponíveis na extensão da orla sem barreiras.,múltiplas rotas de dispersão após a prática criminosa — extensão da orla sem barreiras viabiliza fuga imediata.,alta,False
14,PRAIA DE BOTAFOGO,RI_015,RELINT,pontos_receptacao,,,,True
14,PRAIA DE BOTAFOGO,RI_015,RELINT,controle_territorial,,,,True
14,PRAIA DE BOTAFOGO,RI_015,RELINT,deslocamento_autor,"Autores deslocando-se a pé, em motocicletas e em bicicletas pela área.","A dinâmica criminal observada indica predominância de indivíduos atuando a pé, motocicletas e bicicletas",alta,False
14,PRAIA DE BOTAFOGO,RI_015,RELINT,deslocamento_autor,Uso da ciclofaixa da orla como via de deslocamento por autores em bicicleta.,circulação intensa de motocicletas e bicicletas — criminosos em bicicleta operando na ciclofaixa da orla,alta,False
14,RUA MARQUÊS DE ABRANTES,RI_015,RELINT,modalidade_criminal,Roubos de celular com predominância de abordagens oportunistas em corredor comercial e de entretenimento noturno,roubos de celular executados por duplas em motocicleta,alta,False
14,RUA MARQUÊS DE ABRANTES,RI_015,RELINT,modalidade_criminal,"Delitos oportunistas em áreas de retenção de fluxo de pedestres, favorecidos por aglomerações e baixa visibilidade",favorecendo delitos oportunistas em áreas de retenção de fluxo,alta,False
14,RUA MARQUÊS DE ABRANTES,RI_015,RELINT,modus_operandi,"Atuação em duplas sobre motocicleta, aproveitando distração de frequentadores em corredor noturno de bares e restaurantes com atenção reduzida para pertences",roubos de celular executados por duplas em motocicleta,alta,False
14,RUA MARQUÊS DE ABRANTES,RI_015,RELINT,modus_operandi,Abordagens discretas em trechos de baixa visibilidade entre estabelecimentos com iluminação pública insuficiente,Trechos entre estabelecimentos com iluminação pública insuficiente criam zonas de baixa visibilidade que favorecem abordagens discretas,alta,False
14,RUA MARQUÊS DE ABRANTES,RI_015,RELINT,modus_operandi,"Exploração da proximidade forçada entre pedestres em calçadas estreitas em frente a estabelecimentos, reduzindo distância de abordagem e dificultando reação",As calçadas estreitas em frente a determinados estabelecimentos forçam a proximidade entre pedestres,alta,False
14,RUA MARQUÊS DE ABRANTES,RI_015,RELINT,modus_operandi,"Aproveitamento de momentos de distração das vítimas em áreas de espera, travessias e acessos ao transporte público","aproveitando momentos de distração das vítimas em áreas de espera, travessias e acessos ao transporte público",alta,False
14,RUA MARQUÊS DE ABRANTES,RI_015,RELINT,modus_operandi,Obstáculos urbanos (mesas e estruturas de bares ocupando calçadas) dificultam vigilância e favorecem a ação criminosa,obstáculos urbanos dificultando vigilância — mesas e estruturas de bares ocupando calçadas,alta,False
14,RUA MARQUÊS DE ABRANTES,RI_015,RELINT,modus_operandi,"Concentração da atuação no período noturno, coincidindo com aglomerações em frente a bares e restaurantes",O corredor noturno de bares e restaurantes gera aglomerações de frequentadores com atenção reduzida para pertences pessoais,alta,False
14,RUA MARQUÊS DE ABRANTES,RI_015,RELINT,rotas_fuga,Acesso direto ao Metrô Botafogo como rota de dispersão após a prática criminosa,múltiplas rotas de dispersão após a prática criminosa — acesso direto ao Metrô Botafogo,alta,False
14,RUA MARQUÊS DE ABRANTES,RI_015,RELINT,rotas_fuga,Conexão com o bairro do Flamengo como rota de dispersão após a prática criminosa,múltiplas rotas de dispersão após a prática criminosa — acesso direto ao Metrô Botafogo e conexão com o Flamengo,alta,False
14,RUA MARQUÊS DE ABRANTES,RI_015,RELINT,pontos_receptacao,,,,True
14,RUA MARQUÊS DE ABRANTES,RI_015,RELINT,controle_territorial,,,,True
14,RUA MARQUÊS DE ABRANTES,RI_015,RELINT,deslocamento_autor,"Autores atuam a pé, em motocicletas e em bicicletas","A dinâmica criminal observada indica predominância de indivíduos atuando a pé, motocicletas e bicicletas",alta,False
14,RUA MARQUÊS DE ABRANTES,RI_015,RELINT,deslocamento_autor,Circulação intensa de motocicletas e bicicletas identificada como vetor de execução dos roubos,circulação intensa de motocicletas e bicicletas — roubos de celular executados por duplas em motocicleta,alta,False
14,CORREDORES DE LIGAÇÃO,RI_015,RELINT,modalidade_criminal,Furto como modalidade criminal predominante nos corredores de ligação entre os bairros,A ciclofaixa ao longo do corredor é utilizada como rota de fuga por furtadores.,alta,False
14,CORREDORES DE LIGAÇÃO,RI_015,RELINT,modus_operandi,"Aproveitamento de momentos de distração de pedestres em áreas de espera, travessias e acessos ao transporte público","aproveitando momentos de distração das vítimas em áreas de espera, travessias e acessos ao transporte público",alta,False
14,CORREDORES DE LIGAÇÃO,RI_015,RELINT,modus_operandi,Exploração de trechos com iluminação insuficiente e baixa visibilidade no período noturno para a prática de delitos,"O Parque do Flamengo, com grande extensão territorial e iluminação insuficiente em determinados trechos, cria corredores de risco no período noturno",alta,False
14,CORREDORES DE LIGAÇÃO,RI_015,RELINT,modus_operandi,"Uso de vegetação densa e estruturas do parque como cobertura, limitando a vigilância sobre a ação criminosa",obstáculos urbanos dificultando vigilância — vegetação densa e estruturas do parque limitando visibilidade,alta,False
14,CORREDORES DE LIGAÇÃO,RI_015,RELINT,modus_operandi,Fluxo constante de pedestres entre os dois bairros utilizado como ambiente favorável à ação oportunista,retenção de fluxo em horários de pico — fluxo constante de pedestres entre Botafogo e Flamengo,media,False
14,CORREDORES DE LIGAÇÃO,RI_015,RELINT,modus_operandi,"Pontos de apoio em trechos menos iluminados, associados à presença de grupos em situação de vulnerabilidade social utilizados por grupos envolvidos em delitos",A presença de população em situação de rua (PSR) nos trechos menos iluminados contribui para a sensação de insegurança e para a criação de pontos de apoio utilizados por grupos envolvidos em delitos,media,False
14,CORREDORES DE LIGAÇÃO,RI_015,RELINT,rotas_fuga,Ciclofaixa ao longo do corredor utilizada como rota de fuga após delitos na orla,ciclofaixa utilizada como rota de fuga após delitos na orla,alta,False
14,CORREDORES DE LIGAÇÃO,RI_015,RELINT,rotas_fuga,"Corredor de aproximadamente 1,2 km sem barreiras físicas conectando os dois bairros, favorecendo a dispersão imediata após a prática criminosa","múltiplas rotas de dispersão após a prática criminosa — corredor de 1,2 km conectando Botafogo ao Flamengo sem barreiras",alta,False
14,CORREDORES DE LIGAÇÃO,RI_015,RELINT,rotas_fuga,Conexões rápidas com os bairros vizinhos favorecem a dispersão imediata após a prática criminosa,As conexões rápidas com Flamengo e Botafogo favorecem a dispersão imediata após a prática criminosa,alta,False
14,CORREDORES DE LIGAÇÃO,RI_015,RELINT,pontos_receptacao,,,,True
14,CORREDORES DE LIGAÇÃO,RI_015,RELINT,controle_territorial,,,,True
14,CORREDORES DE LIGAÇÃO,RI_015,RELINT,deslocamento_autor,"Autores se deslocam a pé, em motocicletas e em bicicletas nos corredores do sub-local","A dinâmica criminal observada indica predominância de indivíduos atuando a pé, motocicletas e bicicletas",alta,False
14,CORREDORES DE LIGAÇÃO,RI_015,RELINT,deslocamento_autor,Circulação intensa de motocicletas e bicicletas na ciclofaixa identificada como padrão de deslocamento associado à fuga,circulação intensa de motocicletas e bicicletas — ciclofaixa utilizada como rota de fuga após delitos na orla,alta,False
14,CONCLUSÃO,RI_015,RELINT,modalidade_criminal,Furtos e roubos de aparelhos celulares contra pedestres como modalidades criminais predominantes na área.,especialmente furtos e roubos de aparelhos celulares contra pedestres,alta,False
14,CONCLUSÃO,RI_015,RELINT,modus_operandi,"Delitos de caráter oportunista, favorecidos por fatores urbanos como ausência de pontos de controle na orla, corredores pouco iluminados e zonas de sombra geradas pela vegetação — condições que propiciam abordagens, especialmente no período noturno.","A extensão da orla sem pontos de controle, a circulação noturna intensa na Rua Marquês de Abrantes e os corredores pouco iluminados do Parque do Flamengo formam um eixo contínuo de vulnerabilidade entre Botafogo e Flamengo",alta,False
14,CONCLUSÃO,RI_015,RELINT,modus_operandi,Zonas de sombra produzidas pela vegetação do parque são identificadas como elemento facilitador de abordagens noturnas.,poda de vegetação — redução das zonas de sombra no Parque do Flamengo que favorecem abordagens noturnas,alta,False
14,CONCLUSÃO,RI_015,RELINT,modus_operandi,"Concentração temporal dos delitos no período noturno, com pico nos fins de semana e feriados na orla, e nos horários de maior circulação nos corredores comerciais noturnos.","Os delitos tendem a ocorrer principalmente no período noturno, com pico nos fins de semana e feriados na orla e nos horários de maior circulação nos corredores comerciais noturnos da Rua Marquês de Abrantes",alta,False
14,CONCLUSÃO,RI_015,RELINT,modus_operandi,Pedestres em circulação na orla e nos corredores comerciais noturnos são o perfil de vítima indicado pelo texto.,furtos e roubos de aparelhos celulares contra pedestres,alta,False
14,CONCLUSÃO,RI_015,RELINT,rotas_fuga,,,,True
14,CONCLUSÃO,RI_015,RELINT,pontos_receptacao,,,,True
14,CONCLUSÃO,RI_015,RELINT,controle_territorial,,,,True
14,CONCLUSÃO,RI_015,RELINT,deslocamento_autor,,,,True
19,,RI_016,RELINT,modalidade_criminal,"Furtos e roubos contra transeuntes, com destaque para subtração de aparelhos celulares","incidência de furtos e roubos contra transeuntes, especialmente subtração de aparelhos celulares",alta,False
19,,RI_016,RELINT,modalidade_criminal,Delitos oportunistas favorecidos por elementos urbanos identificados na área,elementos urbanos que favorecem delitos oportunistas,media,False
19,,RI_016,RELINT,modus_operandi,"Abordagens oportunistas em áreas de grande circulação de pedestres, aproveitando o fluxo intenso e a integração com o transporte público",áreas de grande circulação de pedestres e integração com o transporte público,media,False
19,,RI_016,RELINT,modus_operandi,Exploração de elementos urbanos que ampliam a vulnerabilidade e favorecem delitos oportunistas,elementos urbanos que favorecem delitos oportunistas,media,False
19,,RI_016,RELINT,rotas_fuga,,,,True
19,,RI_016,RELINT,pontos_receptacao,,,,True
19,,RI_016,RELINT,controle_territorial,,,,True
19,,RI_016,RELINT,deslocamento_autor,,,,True
19,ESTAÇÃO SÃO FRANCISCO XAVIER,RI_016,RELINT,modalidade_criminal,"Furtos oportunistas a pedestres em horários de pico escolar, com foco em equipamentos eletrônicos de valor transportados por estudantes.",constitui alvo frequente de furtos oportunistas nos horários de pico escolar,alta,False
19,ESTAÇÃO SÃO FRANCISCO XAVIER,RI_016,RELINT,modus_operandi,"Abordagem aproveitando momentos de distração das vítimas em áreas de espera, travessias e acessos ao transporte público.","aproveitando momentos de distração das vítimas em áreas de espera, travessias e acessos ao transporte público",alta,False
19,ESTAÇÃO SÃO FRANCISCO XAVIER,RI_016,RELINT,modus_operandi,"Exploração de pontos de retenção de pedestres — escadas, travessias e pontos de ônibus — como locais propícios à ação criminosa.","Foram observados pontos de retenção de pedestres próximos às escadas, travessias e pontos de ônibus",alta,False
19,ESTAÇÃO SÃO FRANCISCO XAVIER,RI_016,RELINT,modus_operandi,Uso de áreas com baixa visibilidade (corredores cobertos com iluminação insuficiente) e de obstáculos urbanos (bancas e comércio informal) para dificultar vigilância e favorecer a ação.,áreas com baixa visibilidade — corredores de acesso cobertos com iluminação insuficiente à noite; obstáculos urbanos dificultando vigilância — bancas e comércio informal obstruindo visibilidade nos acessos,alta,False
19,ESTAÇÃO SÃO FRANCISCO XAVIER,RI_016,RELINT,modus_operandi,"Perfil de vítima predominante: estudantes em deslocamento portando equipamentos eletrônicos de valor (celulares, tablets e notebooks).","O perfil predominante de estudantes em deslocamento com equipamentos de valor — celulares, tablets e notebooks",alta,False
19,ESTAÇÃO SÃO FRANCISCO XAVIER,RI_016,RELINT,modus_operandi,"Concentração dos crimes nos horários de entrada e saída de instituições de ensino, aproveitando o gargalo de fluxo em catracas e acessos.",retenção de fluxo em horários de pico — catracas e acessos com gargalos nos horários de entrada e saída escolar,alta,False
19,ESTAÇÃO SÃO FRANCISCO XAVIER,RI_016,RELINT,rotas_fuga,Múltiplas saídas para a Rua São Francisco Xavier e vias adjacentes utilizadas como rotas de dispersão após a prática criminosa.,múltiplas saídas para a Rua São Francisco Xavier e vias adjacentes,alta,False
19,ESTAÇÃO SÃO FRANCISCO XAVIER,RI_016,RELINT,rotas_fuga,Calçadas adjacentes à estação utilizadas por motociclistas como rota de fuga.,motociclistas utilizando calçadas adjacentes como rota de fuga,alta,False
19,ESTAÇÃO SÃO FRANCISCO XAVIER,RI_016,RELINT,pontos_receptacao,,,,True
19,ESTAÇÃO SÃO FRANCISCO XAVIER,RI_016,RELINT,controle_territorial,,,,True
19,ESTAÇÃO SÃO FRANCISCO XAVIER,RI_016,RELINT,deslocamento_autor,"Autores se deslocam a pé, em motocicletas e em bicicletas.","A dinâmica criminal observada indica predominância de indivíduos atuando a pé, motocicletas e bicicletas",alta,False
19,ESTAÇÃO AFONSO PENA,RI_016,RELINT,modalidade_criminal,Furtos rápidos de aparelhos celulares em áreas de retenção de fluxo (travessias e pontos de ônibus),favorecendo furtos rápidos de aparelhos celulares,alta,False
19,ESTAÇÃO AFONSO PENA,RI_016,RELINT,modalidade_criminal,"Abordagens agressivas a pedestres e comerciantes do entorno, associadas ao uso de entorpecentes e presença de população em situação de rua",abordagens agressivas a pedestres e comerciantes do entorno,alta,False
19,ESTAÇÃO AFONSO PENA,RI_016,RELINT,modus_operandi,"Aproveitamento de momentos de distração das vítimas em áreas de espera, travessias e acessos ao transporte público","aproveitando momentos de distração das vítimas em áreas de espera, travessias e acessos ao transporte público",alta,False
19,ESTAÇÃO AFONSO PENA,RI_016,RELINT,modus_operandi,"Exploração de zonas de baixa visibilidade criadas pela vegetação da praça, que reduz a eficácia da iluminação pública no período noturno",vegetação da praça reduzindo eficácia da iluminação pública à noite,alta,False
19,ESTAÇÃO AFONSO PENA,RI_016,RELINT,modus_operandi,"Uso de mobiliário urbano (bancos e vegetação da praça) como pontos de permanência e cobertura, dificultando a vigilância",bancos e vegetação da praça utilizados como pontos de permanência,alta,False
19,ESTAÇÃO AFONSO PENA,RI_016,RELINT,modus_operandi,"Atuação concentrada em horários de pico, com retenção de fluxo no ponto de ônibus de alta movimentação",retenção de fluxo em horários de pico — ponto de ônibus de alta movimentação no entorno da praça,alta,False
19,ESTAÇÃO AFONSO PENA,RI_016,RELINT,rotas_fuga,"Fuga por vias adjacentes à estação, com uso de motocicletas e bicicletas",circulação intensa de motocicletas e bicicletas — vias adjacentes utilizadas como rotas de fuga,alta,False
19,ESTAÇÃO AFONSO PENA,RI_016,RELINT,rotas_fuga,"Múltiplas rotas de dispersão após a prática criminosa, com saídas para a Rua São Francisco Xavier e demais vias do bairro",múltiplas rotas de dispersão após a prática criminosa — saídas para a Rua São Francisco Xavier e vias do bairro,alta,False
19,ESTAÇÃO AFONSO PENA,RI_016,RELINT,pontos_receptacao,,,,True
19,ESTAÇÃO AFONSO PENA,RI_016,RELINT,controle_territorial,,,,True
19,ESTAÇÃO AFONSO PENA,RI_016,RELINT,deslocamento_autor,"Deslocamento a pé, em motocicletas e bicicletas","predominância de indivíduos atuando a pé, motocicletas e bicicletas",alta,False
19,VIAS SECUNDÁRIAS,RI_016,RELINT,modalidade_criminal,"Crimes praticados contra pedestres em deslocamento, com predominância de abordagens em vias secundárias",As vias secundárias da Tijuca permitem dispersão rápida após delitos praticados contra pedestres em deslocamento.,media,False
19,VIAS SECUNDÁRIAS,RI_016,RELINT,modus_operandi,Abordagens discretas facilitadas por calçadas estreitas que forçam proximidade entre pedestres,"Trechos com calçadas estreitas forçam a proximidade entre pedestres, facilitando abordagens discretas.",alta,False
19,VIAS SECUNDÁRIAS,RI_016,RELINT,modus_operandi,Exploração de iluminação precária em vias residenciais no período noturno como cobertura para a ação criminosa,A iluminação precária em determinadas ruas residenciais no período noturno cria corredores de risco entre as estações e os destinos finais dos pedestres.,alta,False
19,VIAS SECUNDÁRIAS,RI_016,RELINT,modus_operandi,"Aproveitamento de momentos de distração das vítimas em áreas de espera, travessias e acessos ao transporte público","aproveitando momentos de distração das vítimas em áreas de espera, travessias e acessos ao transporte público.",alta,False
19,VIAS SECUNDÁRIAS,RI_016,RELINT,modus_operandi,Uso de veículos estacionados em calçadas como obstáculo urbano que reduz visibilidade e favorece a ação,obstáculos urbanos dificultando vigilância — veículos estacionados em calçadas reduzindo visibilidade e espaço,media,False
19,VIAS SECUNDÁRIAS,RI_016,RELINT,modus_operandi,"Concentração da ação nos horários de pico, aproveitando fluxo constante de pedestres nas vias de ligação entre as estações",retenção de fluxo em horários de pico — fluxo constante de pedestres nas vias de ligação entre as estações,media,False
19,VIAS SECUNDÁRIAS,RI_016,RELINT,rotas_fuga,"Dispersão em múltiplas direções pela malha viária complexa da Tijuca, com uso de ruas perpendiculares e becos que dificultam o rastreamento","A complexa malha viária da Tijuca, com diversas ruas perpendiculares e becos, dificulta o rastreamento após a dispersão.",alta,False
19,VIAS SECUNDÁRIAS,RI_016,RELINT,rotas_fuga,Vias secundárias utilizadas como corredores de fuga por motocicleta,vias secundárias usadas como corredores de fuga em motocicleta,alta,False
19,VIAS SECUNDÁRIAS,RI_016,RELINT,rotas_fuga,Múltiplas rotas de dispersão após a prática criminosa viabilizadas pela malha viária local,múltiplas rotas de dispersão após a prática criminosa — malha viária complexa da Tijuca permitindo fuga em múltiplas direções.,alta,False
19,VIAS SECUNDÁRIAS,RI_016,RELINT,pontos_receptacao,,,,True
19,VIAS SECUNDÁRIAS,RI_016,RELINT,controle_territorial,,,,True
19,VIAS SECUNDÁRIAS,RI_016,RELINT,deslocamento_autor,"Autores se deslocam a pé, em motocicleta e em bicicleta nas vias secundárias da área","A dinâmica criminal observada indica predominância de indivíduos atuando a pé, motocicletas e bicicletas",alta,False
19,VIAS SECUNDÁRIAS,RI_016,RELINT,deslocamento_autor,Circulação intensa de motocicletas e bicicletas nas vias secundárias como padrão de mobilidade na área,circulação intensa de motocicletas e bicicletas — vias secundárias usadas como corredores de fuga em motocicleta,alta,False
19,CONCLUSÃO,RI_016,RELINT,modalidade_criminal,Furtos e roubos de aparelhos celulares contra pedestres como modalidade predominante no eixo analisado.,especialmente furtos e roubos de aparelhos celulares contra pedestres,alta,False
19,CONCLUSÃO,RI_016,RELINT,modus_operandi,"Delitos oportunistas com aproveitamento de vulnerabilidades urbanas: alta circulação de pedestres estudantis em acessos a estação de metrô, abandono de praça pública e iluminação precária em vias secundárias.",A área analisada apresenta fatores urbanos e territoriais que favorecem delitos oportunistas,alta,False
19,CONCLUSÃO,RI_016,RELINT,modus_operandi,"Exploração dos horários de entrada e saída de instituições de ensino (período escolar) e do período noturno em praça pública como janelas de oportunidade, aproveitando reduzida vigilância natural.","Os delitos tendem a ocorrer principalmente nos horários de entrada e saída das instituições de ensino e no período noturno na Praça Afonso Pena, aproveitando a reduzida vigilância natural nestes períodos.",alta,False
19,CONCLUSÃO,RI_016,RELINT,modus_operandi,Zonas de sombra geradas por vegetação densa na praça pública comprometem a eficácia da iluminação e favorecem a ação criminosa.,poda de vegetação — redução das zonas de sombra na Praça Afonso Pena que comprometem a eficácia da iluminação,media,False
19,CONCLUSÃO,RI_016,RELINT,modus_operandi,Obstáculos urbanos como bancas e comércio informal nos acessos à estação são utilizados como cobertura ou dificultam a fiscalização.,fiscalização de obstáculos urbanos — regularização de bancas e comércio informal nos acessos à estação,media,False
19,CONCLUSÃO,RI_016,RELINT,rotas_fuga,,,,True
19,CONCLUSÃO,RI_016,RELINT,pontos_receptacao,,,,True
19,CONCLUSÃO,RI_016,RELINT,controle_territorial,,,,True
19,CONCLUSÃO,RI_016,RELINT,deslocamento_autor,,,,True
20,,RI_017,RELINT,modalidade_criminal,"Furtos e roubos contra transeuntes, com destaque para subtração de aparelhos celulares.","incidência de furtos e roubos contra transeuntes, especialmente subtração de aparelhos celulares",alta,False
20,,RI_017,RELINT,modalidade_criminal,Delitos oportunistas favorecidos por elementos urbanos locais.,elementos urbanos que favorecem delitos oportunistas,alta,False
20,,RI_017,RELINT,modus_operandi,Abordagem oportunista a pedestres em área de grande circulação e integração com transporte público.,áreas de grande circulação de pedestres e integração com o transporte público,media,False
20,,RI_017,RELINT,rotas_fuga,,,,True
20,,RI_017,RELINT,pontos_receptacao,,,,True
20,,RI_017,RELINT,controle_territorial,,,,True
20,,RI_017,RELINT,deslocamento_autor,,,,True
20,AVENIDA PRESIDENTE VARGAS,RI_017,RELINT,modalidade_criminal,Furtos de celulares em pontos de ônibus e calçadas,favorecendo furtos e roubos de celulares em pontos de ônibus e calçadas,alta,False
20,AVENIDA PRESIDENTE VARGAS,RI_017,RELINT,modalidade_criminal,Roubos a pedestres com uso de arma branca,Registros de roubos a pedestres com arma branca foram documentados no trecho entre os nºs 500 e 1.500,alta,False
20,AVENIDA PRESIDENTE VARGAS,RI_017,RELINT,modalidade_criminal,"Alta incidência de furtos no Centro, com mais de 5.000 registros em 2025 e crescimento de 36% em relação ao período anterior","Em 2025, mais de 5.000 furtos foram registrados no Centro — alta de 36% em relação ao período anterior, segundo dados do Instituto de Segurança Pública",alta,False
20,AVENIDA PRESIDENTE VARGAS,RI_017,RELINT,modus_operandi,"Aproveitamento de momentos de distração das vítimas em áreas de espera, travessias e acessos ao transporte público","aproveitando momentos de distração das vítimas em áreas de espera, travessias e acessos ao transporte público",alta,False
20,AVENIDA PRESIDENTE VARGAS,RI_017,RELINT,modus_operandi,Exploração de horários de pico com retenção de fluxo em pontos de ônibus ao longo de toda a extensão da via,retenção de fluxo em horários de pico — pontos de ônibus ao longo de toda a extensão da via,alta,False
20,AVENIDA PRESIDENTE VARGAS,RI_017,RELINT,modus_operandi,"Uso de áreas com baixa visibilidade como cobertura para ações criminosas — trechos sob marquises, estruturas elevadas e passarelas","áreas com baixa visibilidade — trechos sob marquises, estruturas elevadas e passarelas",alta,False
20,AVENIDA PRESIDENTE VARGAS,RI_017,RELINT,modus_operandi,Obstrução de calçadas por ambulantes irregulares compromete vigilância e favorece ações criminosas,ambulantes irregulares obstruindo calçadas e comprometendo visibilidade,media,False
20,AVENIDA PRESIDENTE VARGAS,RI_017,RELINT,modus_operandi,Circulação de motocicletas com placas adulteradas identificadas no corredor,motocicletas com placas adulteradas identificadas no corredor,alta,False
20,AVENIDA PRESIDENTE VARGAS,RI_017,RELINT,rotas_fuga,"A via opera como rota de escape para ações praticadas nas ruas adjacentes, ao longo de seus 4,5 km entre a Praça da República e o Cais do Porto",a via é a principal artéria do Centro e opera como rota de escape para criminosos após ações nas ruas adjacentes,alta,False
20,AVENIDA PRESIDENTE VARGAS,RI_017,RELINT,rotas_fuga,"Múltiplas rotas de dispersão viabilizadas pelas vias transversais a cada quadra, permitindo fuga imediata",múltiplas rotas de dispersão após a prática criminosa — vias transversais a cada quadra viabilizam fuga imediata,alta,False
20,AVENIDA PRESIDENTE VARGAS,RI_017,RELINT,rotas_fuga,Cruzamento com a Rua Uruguaiana (altura do nº 580) utilizado como rota de escoamento de produtos subtraídos,O cruzamento com a Rua Uruguaiana (altura do nº 580) funciona como ponto de escoamento de produtos subtraídos,alta,False
20,AVENIDA PRESIDENTE VARGAS,RI_017,RELINT,pontos_receptacao,"Camelódromo da Uruguaiana identificado como polo de receptação de celulares furtados, conforme investigações da Polícia Civil","Camelódromo da Uruguaiana, maior polo de receptação de celulares furtados do estado, conforme identificado em investigações da Polícia Civil",alta,False
20,AVENIDA PRESIDENTE VARGAS,RI_017,RELINT,controle_territorial,,,,True
20,AVENIDA PRESIDENTE VARGAS,RI_017,RELINT,deslocamento_autor,"Atuação a pé, em motocicletas e em bicicletas","predominância de indivíduos atuando a pé, motocicletas e bicicletas",alta,False
20,AVENIDA PRESIDENTE VARGAS,RI_017,RELINT,deslocamento_autor,Motocicletas com placas adulteradas circulando no corredor,circulação intensa de motocicletas e bicicletas — incluindo motocicletas com placas adulteradas identificadas no corredor,alta,False
20,CAMPO DE SANTANA,RI_017,RELINT,modalidade_criminal,"Assaltos (roubos) praticados no interior do parque e nas vias adjacentes, com alto número de registros","O parque é considerado um dos logradouros mais perigosos do Centro, com alto número de assaltos registrados em seu interior.",alta,False
20,CAMPO DE SANTANA,RI_017,RELINT,modalidade_criminal,"Abordagens agressivas a transeuntes, possivelmente associadas ao uso de entorpecentes no local",usuários de entorpecentes com abordagens agressivas a transeuntes,media,False
20,CAMPO DE SANTANA,RI_017,RELINT,modus_operandi,"Aproveitamento de momentos de distração de vítimas em áreas de espera, travessias e acessos ao transporte público","aproveitando momentos de distração das vítimas em áreas de espera, travessias e acessos ao transporte público",alta,False
20,CAMPO DE SANTANA,RI_017,RELINT,modus_operandi,Exploração de setores internos sem iluminação e vegetação densa para favorecer abordagens noturnas,áreas com baixa visibilidade — setores internos sem iluminação e vegetação densa favorecendo abordagens noturnas,alta,False
20,CAMPO DE SANTANA,RI_017,RELINT,modus_operandi,"Utilização de estruturas de lazer e bancos do parque como pontos fixos de ocupação, dificultando vigilância e facilitando o reconhecimento de vítimas",obstáculos urbanos dificultando vigilância — bancos e estruturas de lazer ocupados por PSR como pontos fixos,media,False
20,CAMPO DE SANTANA,RI_017,RELINT,modus_operandi,Retenção de fluxo de pedestres em horários de pico como fator de oportunidade para a prática criminosa,retenção de fluxo em horários de pico — pedestres cruzando o parque entre os terminais de ônibus adjacentes,media,False
20,CAMPO DE SANTANA,RI_017,RELINT,modus_operandi,"Delitos praticados nas vias adjacentes com posterior dispersão para o interior do parque, aproveitando vegetação densa e áreas abertas",apresenta vegetação densa e áreas abertas utilizadas para dispersão após delitos praticados nas vias adjacentes,alta,False
20,CAMPO DE SANTANA,RI_017,RELINT,rotas_fuga,Dispersão para a Av. Presidente Vargas (fronteira norte do parque) após a prática criminosa,múltiplas rotas de dispersão após a prática criminosa — saídas abertas para a Av. Presidente Vargas e Av. Marechal Floriano,alta,False
20,CAMPO DE SANTANA,RI_017,RELINT,rotas_fuga,Dispersão para a Av. Marechal Floriano (fronteira sul do parque) após a prática criminosa,múltiplas rotas de dispersão após a prática criminosa — saídas abertas para a Av. Presidente Vargas e Av. Marechal Floriano,alta,False
20,CAMPO DE SANTANA,RI_017,RELINT,rotas_fuga,Vias do entorno do parque utilizadas como corredores de fuga após delitos,circulação intensa de motocicletas e bicicletas — vias do entorno utilizadas como corredores de fuga após delitos,alta,False
20,CAMPO DE SANTANA,RI_017,RELINT,rotas_fuga,Interior do parque (vegetação densa e áreas abertas) utilizado como zona de dispersão após delitos cometidos nas vias adjacentes,vegetação densa e áreas abertas utilizadas para dispersão após delitos praticados nas vias adjacentes,alta,False
20,CAMPO DE SANTANA,RI_017,RELINT,pontos_receptacao,,,,True
20,CAMPO DE SANTANA,RI_017,RELINT,controle_territorial,,,,True
20,CAMPO DE SANTANA,RI_017,RELINT,deslocamento_autor,Atuação a pé no interior do parque e vias adjacentes,"A dinâmica criminal observada indica predominância de indivíduos atuando a pé, motocicletas e bicicletas",alta,False
20,CAMPO DE SANTANA,RI_017,RELINT,deslocamento_autor,Uso de motocicletas nas vias do entorno como meio de deslocamento e fuga,circulação intensa de motocicletas e bicicletas — vias do entorno utilizadas como corredores de fuga após delitos,alta,False
20,CAMPO DE SANTANA,RI_017,RELINT,deslocamento_autor,Uso de bicicletas nas vias do entorno como meio de deslocamento e fuga,circulação intensa de motocicletas e bicicletas — vias do entorno utilizadas como corredores de fuga após delitos,alta,False
20,CENTRAL DO BRASIL / CINELÂNDIA,RI_017,RELINT,modalidade_criminal,"Predominância de furtos e roubos, com atuação de grupos em bando nas imediações de catracas e acessos externos de grande terminal de transporte público.",Grupos de furtadores e menores infratores operam em bando nas proximidades das catracas e acessos externos,alta,False
20,CENTRAL DO BRASIL / CINELÂNDIA,RI_017,RELINT,modalidade_criminal,"Crescimento expressivo de furtos e roubos em área de lazer/entretenimento durante evento de grande aglomeração (Carnaval 2025), com concentração de ocorrências desproporcional à média da cidade.","os registros de furtos e roubos cresceram 46% no Carnaval de 2025, com a região respondendo por 33% das ocorrências da cidade (contra 26% no ano anterior)",alta,False
20,CENTRAL DO BRASIL / CINELÂNDIA,RI_017,RELINT,modus_operandi,"Atuação em bando, explorando momentos de distração das vítimas em áreas de espera, travessias e acessos ao transporte público, concentrada nos horários de pico.","aproveitando momentos de distração das vítimas em áreas de espera, travessias e acessos ao transporte público",alta,False
20,CENTRAL DO BRASIL / CINELÂNDIA,RI_017,RELINT,modus_operandi,"Exploração de pontos cegos gerados pelo comércio irregular nos acessos à estação, reduzindo a visibilidade e a efetividade da fiscalização.",comércio irregular nos acessos criando pontos cegos para a fiscalização,alta,False
20,CENTRAL DO BRASIL / CINELÂNDIA,RI_017,RELINT,modus_operandi,Aproveitamento de corredores internos da estação e entorno de praça no período noturno como áreas de baixa visibilidade para a prática criminosa.,áreas com baixa visibilidade — corredores internos da estação e entorno da Praça Floriano no período noturno,alta,False
20,CENTRAL DO BRASIL / CINELÂNDIA,RI_017,RELINT,modus_operandi,Concentração da atividade criminosa nos horários de maior fluxo de passageiros (pico matutino e vespertino).,especialmente nos horários de pico (07h–09h e 17h–20h),alta,False
20,CENTRAL DO BRASIL / CINELÂNDIA,RI_017,RELINT,rotas_fuga,"Fuga aproveitando a convergência de múltiplos modais de transporte (metrô, trem, VLT, bicicleta), viabilizando dispersão em qualquer direção a partir do nó multimodal.",convergência de múltiplos modais viabiliza fuga em qualquer direção,alta,False
20,CENTRAL DO BRASIL / CINELÂNDIA,RI_017,RELINT,rotas_fuga,Utilização do VLT Carioca e de bicicletas como vetores de fuga após a prática criminosa.,VLT e bicicletas utilizados como rotas de fuga após a prática criminosa,alta,False
20,CENTRAL DO BRASIL / CINELÂNDIA,RI_017,RELINT,rotas_fuga,Múltiplas rotas de evasão disponíveis a partir dos acessos à grande estação de transporte público e da praça adjacente.,múltiplas rotas de evasão utilizadas após a prática criminosa,alta,False
20,CENTRAL DO BRASIL / CINELÂNDIA,RI_017,RELINT,pontos_receptacao,,,,True
20,CENTRAL DO BRASIL / CINELÂNDIA,RI_017,RELINT,controle_territorial,,,,True
20,CENTRAL DO BRASIL / CINELÂNDIA,RI_017,RELINT,deslocamento_autor,"Autores se deslocam predominantemente a pé, utilizando também motocicletas e bicicletas.","predominância de indivíduos atuando a pé, motocicletas e bicicletas",alta,False
20,CENTRAL DO BRASIL / CINELÂNDIA,RI_017,RELINT,deslocamento_autor,Circulação intensa de motocicletas e bicicletas identificada como vetor de deslocamento e fuga na área.,circulação intensa de motocicletas e bicicletas — VLT e bicicletas utilizados como rotas de fuga após a prática criminosa,alta,False
20,CONCLUSÃO,RI_017,RELINT,modalidade_criminal,Furtos e roubos de aparelhos celulares contra pedestres como modalidade predominante na área.,"fatores urbanos e territoriais que favorecem delitos oportunistas, especialmente furtos e roubos de aparelhos celulares contra pedestres",alta,False
20,CONCLUSÃO,RI_017,RELINT,modalidade_criminal,"Tendência de agravamento dos registros de furtos e roubos, com crescimento expressivo no período de grandes aglomerações (Carnaval).",O crescimento de 46% nos registros de furtos e roubos na Cinelândia no Carnaval de 2025 evidencia tendência de agravamento que demanda resposta imediata,alta,False
20,CONCLUSÃO,RI_017,RELINT,modus_operandi,"Abordagens oportunistas a pedestres, com concentração nos horários de pico do transporte público (07h–09h e 17h–20h) na Central do Brasil e Av. Presidente Vargas.",Os delitos tendem a ocorrer principalmente nos horários de pico de transporte público (07h–09h e 17h–20h) na Central do Brasil e Av. Presidente Vargas,alta,False
20,CONCLUSÃO,RI_017,RELINT,modus_operandi,"Aproveitamento de período noturno para ocorrências na área da Cinelândia, com agravamento em fins de semana e grandes aglomerações.","no período noturno na Cinelândia, com agravamento nos fins de semana e períodos de grande aglomeração como o Carnaval",alta,False
20,CONCLUSÃO,RI_017,RELINT,modus_operandi,Utilização de área pública degradada (praça em situação de abandono) como ponto de apoio e dispersão após as abordagens.,"o Campo de Santana, em situação de abandono, funciona como ponto de apoio e dispersão",alta,False
20,CONCLUSÃO,RI_017,RELINT,modus_operandi,Pontos de sombra gerados pela vegetação densa favorecem abordagens e permanência de população em situação de rua no interior da praça.,poda de vegetação — redução dos pontos de sombra no Campo de Santana que favorecem abordagens e permanência de PSR,media,False
20,CONCLUSÃO,RI_017,RELINT,rotas_fuga,"A Central do Brasil funciona como nó de múltiplas rotas de fuga, dado o elevado fluxo de passageiros e a convergência de modais de transporte.",a Central do Brasil concentra o maior fluxo de passageiros do país em um nó de múltiplas rotas de fuga,alta,False
20,CONCLUSÃO,RI_017,RELINT,rotas_fuga,A Av. Presidente Vargas opera como corredor de escoamento de produtos subtraídos em direção ao Camelódromo da Uruguaiana.,A Av. Presidente Vargas opera como corredor de escoamento de produtos subtraídos para o Camelódromo da Uruguaiana,alta,False
20,CONCLUSÃO,RI_017,RELINT,rotas_fuga,O Campo de Santana é utilizado como ponto de dispersão após as ocorrências.,"o Campo de Santana, em situação de abandono, funciona como ponto de apoio e dispersão",alta,False
20,CONCLUSÃO,RI_017,RELINT,pontos_receptacao,"Camelódromo da Uruguaiana identificado como destino de escoamento dos produtos subtraídos, indicando função de receptação.",A Av. Presidente Vargas opera como corredor de escoamento de produtos subtraídos para o Camelódromo da Uruguaiana,media,False
20,CONCLUSÃO,RI_017,RELINT,pontos_receptacao,Comércio irregular nos acessos à Central do Brasil apontado como ponto a ser fiscalizado no contexto do ordenamento do escoamento de bens.,fiscalização e ordenamento do comércio irregular — ações específicas no Camelódromo da Uruguaiana e nos acessos à Central do Brasil,media,False
20,CONCLUSÃO,RI_017,RELINT,controle_territorial,,,,True
20,CONCLUSÃO,RI_017,RELINT,deslocamento_autor,,,,True
